--
-- Archivo generado con SQLiteStudio v3.4.4 el mar. feb. 6 22:30:43 2024
--
-- Codificación de texto usada: System
--
PRAGMA foreign_keys = off;
BEGIN TRANSACTION;

-- Tabla: auth_group
CREATE TABLE IF NOT EXISTS "auth_group" ("id" integer NOT NULL PRIMARY KEY AUTOINCREMENT, "name" varchar(150) NOT NULL UNIQUE);

-- Tabla: auth_group_permissions
CREATE TABLE IF NOT EXISTS "auth_group_permissions" ("id" integer NOT NULL PRIMARY KEY AUTOINCREMENT, "group_id" integer NOT NULL REFERENCES "auth_group" ("id") DEFERRABLE INITIALLY DEFERRED, "permission_id" integer NOT NULL REFERENCES "auth_permission" ("id") DEFERRABLE INITIALLY DEFERRED);

-- Tabla: auth_permission
CREATE TABLE IF NOT EXISTS "auth_permission" ("id" integer NOT NULL PRIMARY KEY AUTOINCREMENT, "content_type_id" integer NOT NULL REFERENCES "django_content_type" ("id") DEFERRABLE INITIALLY DEFERRED, "codename" varchar(100) NOT NULL, "name" varchar(255) NOT NULL);
INSERT INTO auth_permission (id, content_type_id, codename, name) VALUES (1, 1, 'add_logentry', 'Can add log entry');
INSERT INTO auth_permission (id, content_type_id, codename, name) VALUES (2, 1, 'change_logentry', 'Can change log entry');
INSERT INTO auth_permission (id, content_type_id, codename, name) VALUES (3, 1, 'delete_logentry', 'Can delete log entry');
INSERT INTO auth_permission (id, content_type_id, codename, name) VALUES (4, 1, 'view_logentry', 'Can view log entry');
INSERT INTO auth_permission (id, content_type_id, codename, name) VALUES (5, 2, 'add_permission', 'Can add permission');
INSERT INTO auth_permission (id, content_type_id, codename, name) VALUES (6, 2, 'change_permission', 'Can change permission');
INSERT INTO auth_permission (id, content_type_id, codename, name) VALUES (7, 2, 'delete_permission', 'Can delete permission');
INSERT INTO auth_permission (id, content_type_id, codename, name) VALUES (8, 2, 'view_permission', 'Can view permission');
INSERT INTO auth_permission (id, content_type_id, codename, name) VALUES (9, 3, 'add_group', 'Can add group');
INSERT INTO auth_permission (id, content_type_id, codename, name) VALUES (10, 3, 'change_group', 'Can change group');
INSERT INTO auth_permission (id, content_type_id, codename, name) VALUES (11, 3, 'delete_group', 'Can delete group');
INSERT INTO auth_permission (id, content_type_id, codename, name) VALUES (12, 3, 'view_group', 'Can view group');
INSERT INTO auth_permission (id, content_type_id, codename, name) VALUES (13, 4, 'add_user', 'Can add user');
INSERT INTO auth_permission (id, content_type_id, codename, name) VALUES (14, 4, 'change_user', 'Can change user');
INSERT INTO auth_permission (id, content_type_id, codename, name) VALUES (15, 4, 'delete_user', 'Can delete user');
INSERT INTO auth_permission (id, content_type_id, codename, name) VALUES (16, 4, 'view_user', 'Can view user');
INSERT INTO auth_permission (id, content_type_id, codename, name) VALUES (17, 5, 'add_contenttype', 'Can add content type');
INSERT INTO auth_permission (id, content_type_id, codename, name) VALUES (18, 5, 'change_contenttype', 'Can change content type');
INSERT INTO auth_permission (id, content_type_id, codename, name) VALUES (19, 5, 'delete_contenttype', 'Can delete content type');
INSERT INTO auth_permission (id, content_type_id, codename, name) VALUES (20, 5, 'view_contenttype', 'Can view content type');
INSERT INTO auth_permission (id, content_type_id, codename, name) VALUES (21, 6, 'add_session', 'Can add session');
INSERT INTO auth_permission (id, content_type_id, codename, name) VALUES (22, 6, 'change_session', 'Can change session');
INSERT INTO auth_permission (id, content_type_id, codename, name) VALUES (23, 6, 'delete_session', 'Can delete session');
INSERT INTO auth_permission (id, content_type_id, codename, name) VALUES (24, 6, 'view_session', 'Can view session');
INSERT INTO auth_permission (id, content_type_id, codename, name) VALUES (25, 7, 'add_jornadas', 'Can add Jornada');
INSERT INTO auth_permission (id, content_type_id, codename, name) VALUES (26, 7, 'change_jornadas', 'Can change Jornada');
INSERT INTO auth_permission (id, content_type_id, codename, name) VALUES (27, 7, 'delete_jornadas', 'Can delete Jornada');
INSERT INTO auth_permission (id, content_type_id, codename, name) VALUES (28, 7, 'view_jornadas', 'Can view Jornada');
INSERT INTO auth_permission (id, content_type_id, codename, name) VALUES (29, 8, 'add_resultadopartido', 'Can add ResultadoPartido');
INSERT INTO auth_permission (id, content_type_id, codename, name) VALUES (30, 8, 'change_resultadopartido', 'Can change ResultadoPartido');
INSERT INTO auth_permission (id, content_type_id, codename, name) VALUES (31, 8, 'delete_resultadopartido', 'Can delete ResultadoPartido');
INSERT INTO auth_permission (id, content_type_id, codename, name) VALUES (32, 8, 'view_resultadopartido', 'Can view ResultadoPartido');
INSERT INTO auth_permission (id, content_type_id, codename, name) VALUES (33, 9, 'add_equipospartidos', 'Can add EquiposPartidos');
INSERT INTO auth_permission (id, content_type_id, codename, name) VALUES (34, 9, 'change_equipospartidos', 'Can change EquiposPartidos');
INSERT INTO auth_permission (id, content_type_id, codename, name) VALUES (35, 9, 'delete_equipospartidos', 'Can delete EquiposPartidos');
INSERT INTO auth_permission (id, content_type_id, codename, name) VALUES (36, 9, 'view_equipospartidos', 'Can view EquiposPartidos');
INSERT INTO auth_permission (id, content_type_id, codename, name) VALUES (37, 10, 'add_prediccion', 'Can add prediccion');
INSERT INTO auth_permission (id, content_type_id, codename, name) VALUES (38, 10, 'change_prediccion', 'Can change prediccion');
INSERT INTO auth_permission (id, content_type_id, codename, name) VALUES (39, 10, 'delete_prediccion', 'Can delete prediccion');
INSERT INTO auth_permission (id, content_type_id, codename, name) VALUES (40, 10, 'view_prediccion', 'Can view prediccion');
INSERT INTO auth_permission (id, content_type_id, codename, name) VALUES (41, 11, 'add_equipos', 'Can add equipos');
INSERT INTO auth_permission (id, content_type_id, codename, name) VALUES (42, 11, 'change_equipos', 'Can change equipos');
INSERT INTO auth_permission (id, content_type_id, codename, name) VALUES (43, 11, 'delete_equipos', 'Can delete equipos');
INSERT INTO auth_permission (id, content_type_id, codename, name) VALUES (44, 11, 'view_equipos', 'Can view equipos');
INSERT INTO auth_permission (id, content_type_id, codename, name) VALUES (45, 12, 'add_cartas', 'Can add cartas');
INSERT INTO auth_permission (id, content_type_id, codename, name) VALUES (46, 12, 'change_cartas', 'Can change cartas');
INSERT INTO auth_permission (id, content_type_id, codename, name) VALUES (47, 12, 'delete_cartas', 'Can delete cartas');
INSERT INTO auth_permission (id, content_type_id, codename, name) VALUES (48, 12, 'view_cartas', 'Can view cartas');
INSERT INTO auth_permission (id, content_type_id, codename, name) VALUES (49, 13, 'add_puntos_extra', 'Can add puntos_extra');
INSERT INTO auth_permission (id, content_type_id, codename, name) VALUES (50, 13, 'change_puntos_extra', 'Can change puntos_extra');
INSERT INTO auth_permission (id, content_type_id, codename, name) VALUES (51, 13, 'delete_puntos_extra', 'Can delete puntos_extra');
INSERT INTO auth_permission (id, content_type_id, codename, name) VALUES (52, 13, 'view_puntos_extra', 'Can view puntos_extra');
INSERT INTO auth_permission (id, content_type_id, codename, name) VALUES (53, 14, 'add_colores', 'Can add colores');
INSERT INTO auth_permission (id, content_type_id, codename, name) VALUES (54, 14, 'change_colores', 'Can change colores');
INSERT INTO auth_permission (id, content_type_id, codename, name) VALUES (55, 14, 'delete_colores', 'Can delete colores');
INSERT INTO auth_permission (id, content_type_id, codename, name) VALUES (56, 14, 'view_colores', 'Can view colores');

-- Tabla: auth_user
CREATE TABLE IF NOT EXISTS "auth_user" ("id" integer NOT NULL PRIMARY KEY AUTOINCREMENT, "password" varchar(128) NOT NULL, "last_login" datetime NULL, "is_superuser" bool NOT NULL, "username" varchar(150) NOT NULL UNIQUE, "last_name" varchar(150) NOT NULL, "email" varchar(254) NOT NULL, "is_staff" bool NOT NULL, "is_active" bool NOT NULL, "date_joined" datetime NOT NULL, "first_name" varchar(150) NOT NULL);
INSERT INTO auth_user (id, password, last_login, is_superuser, username, last_name, email, is_staff, is_active, date_joined, first_name) VALUES (1, 'pbkdf2_sha256$260000$jyNfi3vWqqNBnf7xJm75MK$eXB6GZnDBGW4EN9T04rmX7XL+MwVIffdve5DlEr6OtM=', '2024-01-28 15:41:38.657602', 1, 'HectorV', '', 'varelahector2306@gmail.com', 1, 1, '2024-01-28 15:41:15.697913', '');

-- Tabla: auth_user_groups
CREATE TABLE IF NOT EXISTS "auth_user_groups" ("id" integer NOT NULL PRIMARY KEY AUTOINCREMENT, "user_id" integer NOT NULL REFERENCES "auth_user" ("id") DEFERRABLE INITIALLY DEFERRED, "group_id" integer NOT NULL REFERENCES "auth_group" ("id") DEFERRABLE INITIALLY DEFERRED);

-- Tabla: auth_user_user_permissions
CREATE TABLE IF NOT EXISTS "auth_user_user_permissions" ("id" integer NOT NULL PRIMARY KEY AUTOINCREMENT, "user_id" integer NOT NULL REFERENCES "auth_user" ("id") DEFERRABLE INITIALLY DEFERRED, "permission_id" integer NOT NULL REFERENCES "auth_permission" ("id") DEFERRABLE INITIALLY DEFERRED);

-- Tabla: django_admin_log
CREATE TABLE IF NOT EXISTS "django_admin_log" ("id" integer NOT NULL PRIMARY KEY AUTOINCREMENT, "action_time" datetime NOT NULL, "object_id" text NULL, "object_repr" varchar(200) NOT NULL, "change_message" text NOT NULL, "content_type_id" integer NULL REFERENCES "django_content_type" ("id") DEFERRABLE INITIALLY DEFERRED, "user_id" integer NOT NULL REFERENCES "auth_user" ("id") DEFERRABLE INITIALLY DEFERRED, "action_flag" smallint unsigned NOT NULL CHECK ("action_flag" >= 0));
INSERT INTO django_admin_log (id, action_time, object_id, object_repr, change_message, content_type_id, user_id, action_flag) VALUES (1, '2024-01-28 15:42:15.614484', '1', 'Leo', '[{"added": {}}]', 7, 1, 1);
INSERT INTO django_admin_log (id, action_time, object_id, object_repr, change_message, content_type_id, user_id, action_flag) VALUES (2, '2024-01-28 15:42:25.310319', '2', 'Manzana', '[{"added": {}}]', 7, 1, 1);
INSERT INTO django_admin_log (id, action_time, object_id, object_repr, change_message, content_type_id, user_id, action_flag) VALUES (3, '2024-01-28 15:42:34.601790', '3', 'Bryan', '[{"added": {}}]', 7, 1, 1);
INSERT INTO django_admin_log (id, action_time, object_id, object_repr, change_message, content_type_id, user_id, action_flag) VALUES (4, '2024-01-28 15:43:17.773910', '4', 'Rafa', '[{"added": {}}]', 7, 1, 1);
INSERT INTO django_admin_log (id, action_time, object_id, object_repr, change_message, content_type_id, user_id, action_flag) VALUES (5, '2024-01-28 15:43:39.666570', '5', 'Erick', '[{"added": {}}]', 7, 1, 1);
INSERT INTO django_admin_log (id, action_time, object_id, object_repr, change_message, content_type_id, user_id, action_flag) VALUES (6, '2024-01-28 15:43:59.364485', '5', 'Erick', '[]', 7, 1, 2);
INSERT INTO django_admin_log (id, action_time, object_id, object_repr, change_message, content_type_id, user_id, action_flag) VALUES (7, '2024-01-28 15:53:50.884788', '6', 'Choco', '[{"added": {}}]', 7, 1, 1);
INSERT INTO django_admin_log (id, action_time, object_id, object_repr, change_message, content_type_id, user_id, action_flag) VALUES (8, '2024-01-28 15:54:18.616293', '6', 'Choco', '[{"changed": {"fields": ["J3"]}}]', 7, 1, 2);
INSERT INTO django_admin_log (id, action_time, object_id, object_repr, change_message, content_type_id, user_id, action_flag) VALUES (9, '2024-01-28 15:54:34.461213', '7', 'Hora', '[{"added": {}}]', 7, 1, 1);
INSERT INTO django_admin_log (id, action_time, object_id, object_repr, change_message, content_type_id, user_id, action_flag) VALUES (10, '2024-01-28 15:54:51.685071', '5', 'Erick', '[{"changed": {"fields": ["J3"]}}]', 7, 1, 2);
INSERT INTO django_admin_log (id, action_time, object_id, object_repr, change_message, content_type_id, user_id, action_flag) VALUES (11, '2024-01-28 15:55:19.708072', '4', 'Rafa', '[{"changed": {"fields": ["J3"]}}]', 7, 1, 2);
INSERT INTO django_admin_log (id, action_time, object_id, object_repr, change_message, content_type_id, user_id, action_flag) VALUES (12, '2024-01-28 15:55:30.027761', '3', 'Bryan', '[{"changed": {"fields": ["J3"]}}]', 7, 1, 2);
INSERT INTO django_admin_log (id, action_time, object_id, object_repr, change_message, content_type_id, user_id, action_flag) VALUES (13, '2024-01-28 15:55:38.063755', '2', 'Manzana', '[{"changed": {"fields": ["J3"]}}]', 7, 1, 2);
INSERT INTO django_admin_log (id, action_time, object_id, object_repr, change_message, content_type_id, user_id, action_flag) VALUES (14, '2024-01-28 15:55:45.244597', '1', 'Leo', '[{"changed": {"fields": ["J3"]}}]', 7, 1, 2);
INSERT INTO django_admin_log (id, action_time, object_id, object_repr, change_message, content_type_id, user_id, action_flag) VALUES (15, '2024-01-30 06:06:13.550879', '1', 'Puebla', '[{"added": {}}]', 9, 1, 1);
INSERT INTO django_admin_log (id, action_time, object_id, object_repr, change_message, content_type_id, user_id, action_flag) VALUES (16, '2024-01-31 17:52:22.988103', '8', 'Verde', '[{"added": {}}]', 7, 1, 1);
INSERT INTO django_admin_log (id, action_time, object_id, object_repr, change_message, content_type_id, user_id, action_flag) VALUES (17, '2024-01-31 17:52:34.363180', '9', 'Pavito', '[{"added": {}}]', 7, 1, 1);
INSERT INTO django_admin_log (id, action_time, object_id, object_repr, change_message, content_type_id, user_id, action_flag) VALUES (18, '2024-01-31 17:52:45.842952', '10', 'Omar', '[{"added": {}}]', 7, 1, 1);
INSERT INTO django_admin_log (id, action_time, object_id, object_repr, change_message, content_type_id, user_id, action_flag) VALUES (19, '2024-01-31 17:52:50.858267', '11', 'Jorge', '[{"added": {}}]', 7, 1, 1);
INSERT INTO django_admin_log (id, action_time, object_id, object_repr, change_message, content_type_id, user_id, action_flag) VALUES (20, '2024-01-31 17:52:59.953313', '12', 'Fernando', '[{"added": {}}]', 7, 1, 1);
INSERT INTO django_admin_log (id, action_time, object_id, object_repr, change_message, content_type_id, user_id, action_flag) VALUES (21, '2024-01-31 17:53:04.382162', '13', 'Miguel', '[{"added": {}}]', 7, 1, 1);
INSERT INTO django_admin_log (id, action_time, object_id, object_repr, change_message, content_type_id, user_id, action_flag) VALUES (22, '2024-01-31 17:53:08.684877', '14', 'Saem', '[{"added": {}}]', 7, 1, 1);
INSERT INTO django_admin_log (id, action_time, object_id, object_repr, change_message, content_type_id, user_id, action_flag) VALUES (23, '2024-01-31 17:53:20.444165', '15', 'Alfonso', '[{"added": {}}]', 7, 1, 1);
INSERT INTO django_admin_log (id, action_time, object_id, object_repr, change_message, content_type_id, user_id, action_flag) VALUES (24, '2024-01-31 17:53:26.068271', '16', 'Horacio', '[{"added": {}}]', 7, 1, 1);
INSERT INTO django_admin_log (id, action_time, object_id, object_repr, change_message, content_type_id, user_id, action_flag) VALUES (25, '2024-01-31 17:53:54.870577', '7', 'Hora', '', 7, 1, 3);
INSERT INTO django_admin_log (id, action_time, object_id, object_repr, change_message, content_type_id, user_id, action_flag) VALUES (26, '2024-01-31 17:54:09.358256', '9', 'Juan Luis', '[{"changed": {"fields": ["Nombre"]}}]', 7, 1, 2);
INSERT INTO django_admin_log (id, action_time, object_id, object_repr, change_message, content_type_id, user_id, action_flag) VALUES (27, '2024-01-31 17:54:23.908173', '8', 'Josue', '[{"changed": {"fields": ["Nombre"]}}]', 7, 1, 2);
INSERT INTO django_admin_log (id, action_time, object_id, object_repr, change_message, content_type_id, user_id, action_flag) VALUES (28, '2024-01-31 17:54:38.873238', '6', 'Hector', '[{"changed": {"fields": ["Nombre"]}}]', 7, 1, 2);
INSERT INTO django_admin_log (id, action_time, object_id, object_repr, change_message, content_type_id, user_id, action_flag) VALUES (29, '2024-01-31 17:54:45.962177', '2', 'Luis Angel', '[{"changed": {"fields": ["Nombre"]}}]', 7, 1, 2);
INSERT INTO django_admin_log (id, action_time, object_id, object_repr, change_message, content_type_id, user_id, action_flag) VALUES (30, '2024-01-31 17:55:04.538847', '17', 'Manuel', '[{"added": {}}]', 7, 1, 1);
INSERT INTO django_admin_log (id, action_time, object_id, object_repr, change_message, content_type_id, user_id, action_flag) VALUES (31, '2024-01-31 17:55:18.923353', '6', 'Hector', '[{"changed": {"fields": ["J1", "J2", "J3"]}}]', 7, 1, 2);
INSERT INTO django_admin_log (id, action_time, object_id, object_repr, change_message, content_type_id, user_id, action_flag) VALUES (32, '2024-01-31 17:55:29.608019', '5', 'Erick', '[{"changed": {"fields": ["J1", "J2", "J3"]}}]', 7, 1, 2);
INSERT INTO django_admin_log (id, action_time, object_id, object_repr, change_message, content_type_id, user_id, action_flag) VALUES (33, '2024-01-31 17:55:41.724111', '4', 'Rafa', '[{"changed": {"fields": ["J1", "J2", "J3"]}}]', 7, 1, 2);
INSERT INTO django_admin_log (id, action_time, object_id, object_repr, change_message, content_type_id, user_id, action_flag) VALUES (34, '2024-01-31 17:55:50.693887', '3', 'Bryan', '[{"changed": {"fields": ["J1", "J2", "J3"]}}]', 7, 1, 2);
INSERT INTO django_admin_log (id, action_time, object_id, object_repr, change_message, content_type_id, user_id, action_flag) VALUES (35, '2024-01-31 17:55:58.383050', '2', 'Luis Angel', '[{"changed": {"fields": ["J1", "J2", "J3"]}}]', 7, 1, 2);
INSERT INTO django_admin_log (id, action_time, object_id, object_repr, change_message, content_type_id, user_id, action_flag) VALUES (36, '2024-01-31 17:56:06.391242', '1', 'Leo', '[{"changed": {"fields": ["J1", "J2", "J3"]}}]', 7, 1, 2);
INSERT INTO django_admin_log (id, action_time, object_id, object_repr, change_message, content_type_id, user_id, action_flag) VALUES (37, '2024-01-31 18:54:16.226258', '9', 'Omar', '[{"added": {}}]', 10, 1, 1);
INSERT INTO django_admin_log (id, action_time, object_id, object_repr, change_message, content_type_id, user_id, action_flag) VALUES (38, '2024-01-31 18:54:39.405258', '8', 'AlgunNombre', '', 10, 1, 3);
INSERT INTO django_admin_log (id, action_time, object_id, object_repr, change_message, content_type_id, user_id, action_flag) VALUES (39, '2024-01-31 18:54:39.409078', '7', 'AlgunNombre', '', 10, 1, 3);
INSERT INTO django_admin_log (id, action_time, object_id, object_repr, change_message, content_type_id, user_id, action_flag) VALUES (40, '2024-01-31 18:54:39.411907', '6', 'AlgunNombre', '', 10, 1, 3);
INSERT INTO django_admin_log (id, action_time, object_id, object_repr, change_message, content_type_id, user_id, action_flag) VALUES (41, '2024-01-31 18:54:39.414906', '5', 'AlgunNombre', '', 10, 1, 3);
INSERT INTO django_admin_log (id, action_time, object_id, object_repr, change_message, content_type_id, user_id, action_flag) VALUES (42, '2024-01-31 18:54:39.416905', '4', 'AlgunNombre', '', 10, 1, 3);
INSERT INTO django_admin_log (id, action_time, object_id, object_repr, change_message, content_type_id, user_id, action_flag) VALUES (43, '2024-01-31 18:54:39.419986', '3', 'AlgunNombre', '', 10, 1, 3);
INSERT INTO django_admin_log (id, action_time, object_id, object_repr, change_message, content_type_id, user_id, action_flag) VALUES (44, '2024-01-31 18:54:39.423005', '2', 'AlgunNombre', '', 10, 1, 3);
INSERT INTO django_admin_log (id, action_time, object_id, object_repr, change_message, content_type_id, user_id, action_flag) VALUES (45, '2024-01-31 18:54:39.425484', '1', 'AlgunNombre', '', 10, 1, 3);
INSERT INTO django_admin_log (id, action_time, object_id, object_repr, change_message, content_type_id, user_id, action_flag) VALUES (46, '2024-01-31 18:56:39.318036', '10', 'Erick', '[{"added": {}}]', 10, 1, 1);
INSERT INTO django_admin_log (id, action_time, object_id, object_repr, change_message, content_type_id, user_id, action_flag) VALUES (47, '2024-01-31 18:58:07.788348', '11', 'Hector', '[{"added": {}}]', 10, 1, 1);
INSERT INTO django_admin_log (id, action_time, object_id, object_repr, change_message, content_type_id, user_id, action_flag) VALUES (48, '2024-01-31 18:59:29.055310', '12', 'Josue', '[{"added": {}}]', 10, 1, 1);
INSERT INTO django_admin_log (id, action_time, object_id, object_repr, change_message, content_type_id, user_id, action_flag) VALUES (49, '2024-01-31 19:00:21.247198', '13', 'Alfonso', '[{"added": {}}]', 10, 1, 1);
INSERT INTO django_admin_log (id, action_time, object_id, object_repr, change_message, content_type_id, user_id, action_flag) VALUES (50, '2024-01-31 19:01:11.032074', '14', 'Horacio', '[{"added": {}}]', 10, 1, 1);
INSERT INTO django_admin_log (id, action_time, object_id, object_repr, change_message, content_type_id, user_id, action_flag) VALUES (51, '2024-01-31 19:01:57.197327', '15', 'Miguel', '[{"added": {}}]', 10, 1, 1);
INSERT INTO django_admin_log (id, action_time, object_id, object_repr, change_message, content_type_id, user_id, action_flag) VALUES (52, '2024-01-31 19:02:58.040183', '16', 'Fernando', '[{"added": {}}]', 10, 1, 1);
INSERT INTO django_admin_log (id, action_time, object_id, object_repr, change_message, content_type_id, user_id, action_flag) VALUES (53, '2024-01-31 19:04:38.600325', '17', 'Manuel', '[{"added": {}}]', 10, 1, 1);
INSERT INTO django_admin_log (id, action_time, object_id, object_repr, change_message, content_type_id, user_id, action_flag) VALUES (54, '2024-01-31 19:05:46.259136', '18', 'Rafa', '[{"added": {}}]', 10, 1, 1);
INSERT INTO django_admin_log (id, action_time, object_id, object_repr, change_message, content_type_id, user_id, action_flag) VALUES (55, '2024-01-31 19:06:23.939717', '19', 'Bryan', '[{"added": {}}]', 10, 1, 1);
INSERT INTO django_admin_log (id, action_time, object_id, object_repr, change_message, content_type_id, user_id, action_flag) VALUES (56, '2024-01-31 19:07:13.709463', '20', 'Luis Angel', '[{"added": {}}]', 10, 1, 1);
INSERT INTO django_admin_log (id, action_time, object_id, object_repr, change_message, content_type_id, user_id, action_flag) VALUES (57, '2024-01-31 19:08:10.907886', '21', 'Juan Luis', '[{"added": {}}]', 10, 1, 1);
INSERT INTO django_admin_log (id, action_time, object_id, object_repr, change_message, content_type_id, user_id, action_flag) VALUES (58, '2024-01-31 19:08:54.407904', '22', 'Jorge', '[{"added": {}}]', 10, 1, 1);
INSERT INTO django_admin_log (id, action_time, object_id, object_repr, change_message, content_type_id, user_id, action_flag) VALUES (59, '2024-01-31 19:10:31.304960', '23', 'Leo', '[{"added": {}}]', 10, 1, 1);
INSERT INTO django_admin_log (id, action_time, object_id, object_repr, change_message, content_type_id, user_id, action_flag) VALUES (60, '2024-01-31 19:11:56.738190', '24', 'Saem', '[{"added": {}}]', 10, 1, 1);
INSERT INTO django_admin_log (id, action_time, object_id, object_repr, change_message, content_type_id, user_id, action_flag) VALUES (61, '2024-01-31 19:12:47.352344', '16', 'Fernando', '[{"changed": {"fields": ["PJ1"]}}]', 10, 1, 2);
INSERT INTO django_admin_log (id, action_time, object_id, object_repr, change_message, content_type_id, user_id, action_flag) VALUES (62, '2024-01-31 19:24:08.877059', '25', 'Resultados', '[{"added": {}}]', 10, 1, 1);
INSERT INTO django_admin_log (id, action_time, object_id, object_repr, change_message, content_type_id, user_id, action_flag) VALUES (63, '2024-01-31 22:40:29.215620', '23', 'Leo', '[{"changed": {"fields": ["PJ2"]}}]', 10, 1, 2);
INSERT INTO django_admin_log (id, action_time, object_id, object_repr, change_message, content_type_id, user_id, action_flag) VALUES (64, '2024-02-02 23:15:48.457093', '1', 'Equipos object (1)', '[{"added": {}}]', 11, 1, 1);
INSERT INTO django_admin_log (id, action_time, object_id, object_repr, change_message, content_type_id, user_id, action_flag) VALUES (65, '2024-02-03 00:10:16.793482', '1', 'Cartas object (1)', '[{"added": {}}]', 12, 1, 1);
INSERT INTO django_admin_log (id, action_time, object_id, object_repr, change_message, content_type_id, user_id, action_flag) VALUES (66, '2024-02-03 00:10:25.056329', '2', 'Cartas object (2)', '[{"added": {}}]', 12, 1, 1);
INSERT INTO django_admin_log (id, action_time, object_id, object_repr, change_message, content_type_id, user_id, action_flag) VALUES (67, '2024-02-03 00:10:33.958265', '3', 'Cartas object (3)', '[{"added": {}}]', 12, 1, 1);
INSERT INTO django_admin_log (id, action_time, object_id, object_repr, change_message, content_type_id, user_id, action_flag) VALUES (68, '2024-02-03 00:10:42.979373', '4', 'Cartas object (4)', '[{"added": {}}]', 12, 1, 1);
INSERT INTO django_admin_log (id, action_time, object_id, object_repr, change_message, content_type_id, user_id, action_flag) VALUES (69, '2024-02-03 00:10:53.376153', '5', 'Cartas object (5)', '[{"added": {}}]', 12, 1, 1);
INSERT INTO django_admin_log (id, action_time, object_id, object_repr, change_message, content_type_id, user_id, action_flag) VALUES (70, '2024-02-03 00:11:21.510919', '6', 'Cartas object (6)', '[{"added": {}}]', 12, 1, 1);
INSERT INTO django_admin_log (id, action_time, object_id, object_repr, change_message, content_type_id, user_id, action_flag) VALUES (71, '2024-02-03 00:11:26.903618', '7', 'Cartas object (7)', '[{"added": {}}]', 12, 1, 1);
INSERT INTO django_admin_log (id, action_time, object_id, object_repr, change_message, content_type_id, user_id, action_flag) VALUES (72, '2024-02-03 00:11:35.108741', '8', 'Cartas object (8)', '[{"added": {}}]', 12, 1, 1);
INSERT INTO django_admin_log (id, action_time, object_id, object_repr, change_message, content_type_id, user_id, action_flag) VALUES (73, '2024-02-03 00:11:40.135494', '9', 'Cartas object (9)', '[{"added": {}}]', 12, 1, 1);
INSERT INTO django_admin_log (id, action_time, object_id, object_repr, change_message, content_type_id, user_id, action_flag) VALUES (74, '2024-02-03 00:11:45.773420', '10', 'Cartas object (10)', '[{"added": {}}]', 12, 1, 1);
INSERT INTO django_admin_log (id, action_time, object_id, object_repr, change_message, content_type_id, user_id, action_flag) VALUES (75, '2024-02-03 00:11:51.197728', '11', 'Cartas object (11)', '[{"added": {}}]', 12, 1, 1);
INSERT INTO django_admin_log (id, action_time, object_id, object_repr, change_message, content_type_id, user_id, action_flag) VALUES (76, '2024-02-03 00:11:59.227303', '12', 'Cartas object (12)', '[{"added": {}}]', 12, 1, 1);
INSERT INTO django_admin_log (id, action_time, object_id, object_repr, change_message, content_type_id, user_id, action_flag) VALUES (77, '2024-02-03 00:12:05.185047', '13', 'Cartas object (13)', '[{"added": {}}]', 12, 1, 1);
INSERT INTO django_admin_log (id, action_time, object_id, object_repr, change_message, content_type_id, user_id, action_flag) VALUES (78, '2024-02-03 00:12:16.495904', '14', 'Cartas object (14)', '[{"added": {}}]', 12, 1, 1);
INSERT INTO django_admin_log (id, action_time, object_id, object_repr, change_message, content_type_id, user_id, action_flag) VALUES (79, '2024-02-03 00:13:01.319525', '15', 'Cartas object (15)', '[{"added": {}}]', 12, 1, 1);
INSERT INTO django_admin_log (id, action_time, object_id, object_repr, change_message, content_type_id, user_id, action_flag) VALUES (80, '2024-02-03 00:13:06.748052', '16', 'Cartas object (16)', '[{"added": {}}]', 12, 1, 1);
INSERT INTO django_admin_log (id, action_time, object_id, object_repr, change_message, content_type_id, user_id, action_flag) VALUES (81, '2024-02-03 16:51:08.402176', '1', 'Puntos_extra object (1)', '[{"added": {}}]', 13, 1, 1);
INSERT INTO django_admin_log (id, action_time, object_id, object_repr, change_message, content_type_id, user_id, action_flag) VALUES (82, '2024-02-03 16:51:13.731239', '2', 'Puntos_extra object (2)', '[{"added": {}}]', 13, 1, 1);
INSERT INTO django_admin_log (id, action_time, object_id, object_repr, change_message, content_type_id, user_id, action_flag) VALUES (83, '2024-02-03 16:51:18.051399', '3', 'Puntos_extra object (3)', '[{"added": {}}]', 13, 1, 1);
INSERT INTO django_admin_log (id, action_time, object_id, object_repr, change_message, content_type_id, user_id, action_flag) VALUES (84, '2024-02-03 16:51:24.598405', '4', 'Puntos_extra object (4)', '[{"added": {}}]', 13, 1, 1);
INSERT INTO django_admin_log (id, action_time, object_id, object_repr, change_message, content_type_id, user_id, action_flag) VALUES (85, '2024-02-03 16:51:30.787095', '5', 'Puntos_extra object (5)', '[{"added": {}}]', 13, 1, 1);
INSERT INTO django_admin_log (id, action_time, object_id, object_repr, change_message, content_type_id, user_id, action_flag) VALUES (86, '2024-02-03 16:51:59.038362', '6', 'Puntos_extra object (6)', '[{"added": {}}]', 13, 1, 1);
INSERT INTO django_admin_log (id, action_time, object_id, object_repr, change_message, content_type_id, user_id, action_flag) VALUES (87, '2024-02-03 16:52:23.250105', '7', 'Puntos_extra object (7)', '[{"added": {}}]', 13, 1, 1);
INSERT INTO django_admin_log (id, action_time, object_id, object_repr, change_message, content_type_id, user_id, action_flag) VALUES (88, '2024-02-03 16:52:48.150487', '8', 'Puntos_extra object (8)', '[{"added": {}}]', 13, 1, 1);
INSERT INTO django_admin_log (id, action_time, object_id, object_repr, change_message, content_type_id, user_id, action_flag) VALUES (89, '2024-02-03 16:52:52.721454', '9', 'Puntos_extra object (9)', '[{"added": {}}]', 13, 1, 1);
INSERT INTO django_admin_log (id, action_time, object_id, object_repr, change_message, content_type_id, user_id, action_flag) VALUES (90, '2024-02-03 16:52:58.424399', '10', 'Puntos_extra object (10)', '[{"added": {}}]', 13, 1, 1);
INSERT INTO django_admin_log (id, action_time, object_id, object_repr, change_message, content_type_id, user_id, action_flag) VALUES (91, '2024-02-03 16:53:02.772398', '11', 'Puntos_extra object (11)', '[{"added": {}}]', 13, 1, 1);
INSERT INTO django_admin_log (id, action_time, object_id, object_repr, change_message, content_type_id, user_id, action_flag) VALUES (92, '2024-02-03 16:53:06.037671', '12', 'Puntos_extra object (12)', '[{"added": {}}]', 13, 1, 1);
INSERT INTO django_admin_log (id, action_time, object_id, object_repr, change_message, content_type_id, user_id, action_flag) VALUES (93, '2024-02-03 16:53:11.753617', '13', 'Puntos_extra object (13)', '[{"added": {}}]', 13, 1, 1);
INSERT INTO django_admin_log (id, action_time, object_id, object_repr, change_message, content_type_id, user_id, action_flag) VALUES (94, '2024-02-03 16:53:27.617602', '14', 'Puntos_extra object (14)', '[{"added": {}}]', 13, 1, 1);
INSERT INTO django_admin_log (id, action_time, object_id, object_repr, change_message, content_type_id, user_id, action_flag) VALUES (95, '2024-02-03 16:54:11.920037', '4', 'Puntos_extra object (4)', '[{"changed": {"fields": ["Nombre"]}}]', 13, 1, 2);
INSERT INTO django_admin_log (id, action_time, object_id, object_repr, change_message, content_type_id, user_id, action_flag) VALUES (96, '2024-02-03 16:54:16.466427', '15', 'Puntos_extra object (15)', '[{"added": {}}]', 13, 1, 1);
INSERT INTO django_admin_log (id, action_time, object_id, object_repr, change_message, content_type_id, user_id, action_flag) VALUES (97, '2024-02-03 16:55:10.143810', '16', 'Puntos_extra object (16)', '[{"added": {}}]', 13, 1, 1);
INSERT INTO django_admin_log (id, action_time, object_id, object_repr, change_message, content_type_id, user_id, action_flag) VALUES (98, '2024-02-03 16:57:02.308941', '16', 'Puntos_extra object (16)', '', 13, 1, 3);
INSERT INTO django_admin_log (id, action_time, object_id, object_repr, change_message, content_type_id, user_id, action_flag) VALUES (99, '2024-02-03 16:57:12.339039', '17', 'Puntos_extra object (17)', '[{"added": {}}]', 13, 1, 1);
INSERT INTO django_admin_log (id, action_time, object_id, object_repr, change_message, content_type_id, user_id, action_flag) VALUES (100, '2024-02-03 19:15:14.579487', '1', 'Colores object (1)', '[{"added": {}}]', 14, 1, 1);
INSERT INTO django_admin_log (id, action_time, object_id, object_repr, change_message, content_type_id, user_id, action_flag) VALUES (101, '2024-02-03 19:15:19.210926', '2', 'Colores object (2)', '[{"added": {}}]', 14, 1, 1);
INSERT INTO django_admin_log (id, action_time, object_id, object_repr, change_message, content_type_id, user_id, action_flag) VALUES (102, '2024-02-03 19:15:23.044710', '3', 'Colores object (3)', '[{"added": {}}]', 14, 1, 1);
INSERT INTO django_admin_log (id, action_time, object_id, object_repr, change_message, content_type_id, user_id, action_flag) VALUES (103, '2024-02-03 19:15:29.518370', '4', 'Colores object (4)', '[{"added": {}}]', 14, 1, 1);
INSERT INTO django_admin_log (id, action_time, object_id, object_repr, change_message, content_type_id, user_id, action_flag) VALUES (104, '2024-02-03 19:15:39.916243', '5', 'Colores object (5)', '[{"added": {}}]', 14, 1, 1);
INSERT INTO django_admin_log (id, action_time, object_id, object_repr, change_message, content_type_id, user_id, action_flag) VALUES (105, '2024-02-03 19:15:43.902494', '6', 'Colores object (6)', '[{"added": {}}]', 14, 1, 1);
INSERT INTO django_admin_log (id, action_time, object_id, object_repr, change_message, content_type_id, user_id, action_flag) VALUES (106, '2024-02-03 19:15:48.136411', '7', 'Colores object (7)', '[{"added": {}}]', 14, 1, 1);
INSERT INTO django_admin_log (id, action_time, object_id, object_repr, change_message, content_type_id, user_id, action_flag) VALUES (107, '2024-02-03 19:15:57.151909', '8', 'Colores object (8)', '[{"added": {}}]', 14, 1, 1);
INSERT INTO django_admin_log (id, action_time, object_id, object_repr, change_message, content_type_id, user_id, action_flag) VALUES (108, '2024-02-03 19:16:01.276467', '9', 'Colores object (9)', '[{"added": {}}]', 14, 1, 1);
INSERT INTO django_admin_log (id, action_time, object_id, object_repr, change_message, content_type_id, user_id, action_flag) VALUES (109, '2024-02-03 19:16:04.854284', '10', 'Colores object (10)', '[{"added": {}}]', 14, 1, 1);
INSERT INTO django_admin_log (id, action_time, object_id, object_repr, change_message, content_type_id, user_id, action_flag) VALUES (110, '2024-02-03 19:16:08.831091', '11', 'Colores object (11)', '[{"added": {}}]', 14, 1, 1);
INSERT INTO django_admin_log (id, action_time, object_id, object_repr, change_message, content_type_id, user_id, action_flag) VALUES (111, '2024-02-03 19:16:14.300395', '12', 'Colores object (12)', '[{"added": {}}]', 14, 1, 1);
INSERT INTO django_admin_log (id, action_time, object_id, object_repr, change_message, content_type_id, user_id, action_flag) VALUES (112, '2024-02-03 19:16:21.349972', '13', 'Colores object (13)', '[{"added": {}}]', 14, 1, 1);
INSERT INTO django_admin_log (id, action_time, object_id, object_repr, change_message, content_type_id, user_id, action_flag) VALUES (113, '2024-02-03 19:16:25.155445', '14', 'Colores object (14)', '[{"added": {}}]', 14, 1, 1);
INSERT INTO django_admin_log (id, action_time, object_id, object_repr, change_message, content_type_id, user_id, action_flag) VALUES (114, '2024-02-03 19:16:29.404992', '15', 'Colores object (15)', '[{"added": {}}]', 14, 1, 1);
INSERT INTO django_admin_log (id, action_time, object_id, object_repr, change_message, content_type_id, user_id, action_flag) VALUES (115, '2024-02-03 19:16:34.080734', '16', 'Colores object (16)', '[{"added": {}}]', 14, 1, 1);
INSERT INTO django_admin_log (id, action_time, object_id, object_repr, change_message, content_type_id, user_id, action_flag) VALUES (116, '2024-02-05 16:47:55.960416', '25', 'Resultados', '[{"changed": {"fields": ["PJ2"]}}]', 10, 1, 2);
INSERT INTO django_admin_log (id, action_time, object_id, object_repr, change_message, content_type_id, user_id, action_flag) VALUES (117, '2024-02-05 16:48:03.003560', '24', 'Saem', '[{"changed": {"fields": ["PJ2"]}}]', 10, 1, 2);
INSERT INTO django_admin_log (id, action_time, object_id, object_repr, change_message, content_type_id, user_id, action_flag) VALUES (118, '2024-02-05 16:48:08.292099', '24', 'Saem', '[]', 10, 1, 2);
INSERT INTO django_admin_log (id, action_time, object_id, object_repr, change_message, content_type_id, user_id, action_flag) VALUES (119, '2024-02-05 16:48:13.573822', '23', 'Leo', '[{"changed": {"fields": ["PJ2"]}}]', 10, 1, 2);
INSERT INTO django_admin_log (id, action_time, object_id, object_repr, change_message, content_type_id, user_id, action_flag) VALUES (120, '2024-02-05 16:48:19.001736', '22', 'Jorge', '[{"changed": {"fields": ["PJ2"]}}]', 10, 1, 2);
INSERT INTO django_admin_log (id, action_time, object_id, object_repr, change_message, content_type_id, user_id, action_flag) VALUES (121, '2024-02-05 16:48:24.965565', '21', 'Juan Luis', '[{"changed": {"fields": ["PJ2"]}}]', 10, 1, 2);
INSERT INTO django_admin_log (id, action_time, object_id, object_repr, change_message, content_type_id, user_id, action_flag) VALUES (122, '2024-02-05 16:48:29.913499', '20', 'Luis Angel', '[{"changed": {"fields": ["PJ2"]}}]', 10, 1, 2);
INSERT INTO django_admin_log (id, action_time, object_id, object_repr, change_message, content_type_id, user_id, action_flag) VALUES (123, '2024-02-05 16:48:35.830803', '20', 'Luis Angel', '[]', 10, 1, 2);
INSERT INTO django_admin_log (id, action_time, object_id, object_repr, change_message, content_type_id, user_id, action_flag) VALUES (124, '2024-02-05 16:48:41.984631', '19', 'Bryan', '[{"changed": {"fields": ["PJ2"]}}]', 10, 1, 2);
INSERT INTO django_admin_log (id, action_time, object_id, object_repr, change_message, content_type_id, user_id, action_flag) VALUES (125, '2024-02-05 16:48:47.875005', '18', 'Rafa', '[{"changed": {"fields": ["PJ2"]}}]', 10, 1, 2);
INSERT INTO django_admin_log (id, action_time, object_id, object_repr, change_message, content_type_id, user_id, action_flag) VALUES (126, '2024-02-05 16:48:56.180701', '17', 'Manuel', '[{"changed": {"fields": ["PJ2"]}}]', 10, 1, 2);
INSERT INTO django_admin_log (id, action_time, object_id, object_repr, change_message, content_type_id, user_id, action_flag) VALUES (127, '2024-02-05 16:49:02.513646', '16', 'Fernando', '[{"changed": {"fields": ["PJ2"]}}]', 10, 1, 2);
INSERT INTO django_admin_log (id, action_time, object_id, object_repr, change_message, content_type_id, user_id, action_flag) VALUES (128, '2024-02-05 16:49:08.177916', '15', 'Miguel', '[{"changed": {"fields": ["PJ2"]}}]', 10, 1, 2);
INSERT INTO django_admin_log (id, action_time, object_id, object_repr, change_message, content_type_id, user_id, action_flag) VALUES (129, '2024-02-05 16:49:19.731165', '14', 'Horacio', '[{"changed": {"fields": ["PJ2"]}}]', 10, 1, 2);
INSERT INTO django_admin_log (id, action_time, object_id, object_repr, change_message, content_type_id, user_id, action_flag) VALUES (130, '2024-02-05 16:49:26.249684', '13', 'Alfonso', '[{"changed": {"fields": ["PJ2"]}}]', 10, 1, 2);
INSERT INTO django_admin_log (id, action_time, object_id, object_repr, change_message, content_type_id, user_id, action_flag) VALUES (131, '2024-02-05 16:49:32.094876', '12', 'Josue', '[{"changed": {"fields": ["PJ2"]}}]', 10, 1, 2);
INSERT INTO django_admin_log (id, action_time, object_id, object_repr, change_message, content_type_id, user_id, action_flag) VALUES (132, '2024-02-05 16:49:38.807142', '11', 'Hector', '[{"changed": {"fields": ["PJ2"]}}]', 10, 1, 2);
INSERT INTO django_admin_log (id, action_time, object_id, object_repr, change_message, content_type_id, user_id, action_flag) VALUES (133, '2024-02-05 16:49:45.407481', '10', 'Erick', '[{"changed": {"fields": ["PJ2"]}}]', 10, 1, 2);
INSERT INTO django_admin_log (id, action_time, object_id, object_repr, change_message, content_type_id, user_id, action_flag) VALUES (134, '2024-02-05 16:49:52.528326', '9', 'Omar', '[{"changed": {"fields": ["PJ2"]}}]', 10, 1, 2);
INSERT INTO django_admin_log (id, action_time, object_id, object_repr, change_message, content_type_id, user_id, action_flag) VALUES (135, '2024-02-05 16:51:43.125203', '16', 'Colores object (16)', '[{"changed": {"fields": ["J2"]}}]', 14, 1, 2);
INSERT INTO django_admin_log (id, action_time, object_id, object_repr, change_message, content_type_id, user_id, action_flag) VALUES (136, '2024-02-05 16:51:48.931714', '15', 'Colores object (15)', '[{"changed": {"fields": ["J2"]}}]', 14, 1, 2);
INSERT INTO django_admin_log (id, action_time, object_id, object_repr, change_message, content_type_id, user_id, action_flag) VALUES (137, '2024-02-05 16:51:57.528255', '14', 'Colores object (14)', '[{"changed": {"fields": ["J2"]}}]', 14, 1, 2);
INSERT INTO django_admin_log (id, action_time, object_id, object_repr, change_message, content_type_id, user_id, action_flag) VALUES (138, '2024-02-05 16:52:04.514792', '13', 'Colores object (13)', '[{"changed": {"fields": ["J2"]}}]', 14, 1, 2);
INSERT INTO django_admin_log (id, action_time, object_id, object_repr, change_message, content_type_id, user_id, action_flag) VALUES (139, '2024-02-05 16:52:11.349003', '12', 'Colores object (12)', '[{"changed": {"fields": ["J2"]}}]', 14, 1, 2);
INSERT INTO django_admin_log (id, action_time, object_id, object_repr, change_message, content_type_id, user_id, action_flag) VALUES (140, '2024-02-05 16:52:18.859814', '11', 'Colores object (11)', '[{"changed": {"fields": ["J2"]}}]', 14, 1, 2);
INSERT INTO django_admin_log (id, action_time, object_id, object_repr, change_message, content_type_id, user_id, action_flag) VALUES (141, '2024-02-05 16:52:25.480587', '10', 'Colores object (10)', '[{"changed": {"fields": ["J2"]}}]', 14, 1, 2);
INSERT INTO django_admin_log (id, action_time, object_id, object_repr, change_message, content_type_id, user_id, action_flag) VALUES (142, '2024-02-05 16:52:33.732787', '9', 'Colores object (9)', '[{"changed": {"fields": ["J2"]}}]', 14, 1, 2);
INSERT INTO django_admin_log (id, action_time, object_id, object_repr, change_message, content_type_id, user_id, action_flag) VALUES (143, '2024-02-05 16:52:39.253124', '8', 'Colores object (8)', '[{"changed": {"fields": ["J2"]}}]', 14, 1, 2);
INSERT INTO django_admin_log (id, action_time, object_id, object_repr, change_message, content_type_id, user_id, action_flag) VALUES (144, '2024-02-05 16:52:45.275196', '7', 'Colores object (7)', '[{"changed": {"fields": ["J2"]}}]', 14, 1, 2);
INSERT INTO django_admin_log (id, action_time, object_id, object_repr, change_message, content_type_id, user_id, action_flag) VALUES (145, '2024-02-05 16:52:51.105142', '6', 'Colores object (6)', '[{"changed": {"fields": ["J2"]}}]', 14, 1, 2);
INSERT INTO django_admin_log (id, action_time, object_id, object_repr, change_message, content_type_id, user_id, action_flag) VALUES (146, '2024-02-05 16:52:58.210684', '5', 'Colores object (5)', '[{"changed": {"fields": ["J2"]}}]', 14, 1, 2);
INSERT INTO django_admin_log (id, action_time, object_id, object_repr, change_message, content_type_id, user_id, action_flag) VALUES (147, '2024-02-05 16:53:05.602343', '4', 'Colores object (4)', '[{"changed": {"fields": ["J2"]}}]', 14, 1, 2);
INSERT INTO django_admin_log (id, action_time, object_id, object_repr, change_message, content_type_id, user_id, action_flag) VALUES (148, '2024-02-05 16:53:12.795095', '3', 'Colores object (3)', '[{"changed": {"fields": ["J2"]}}]', 14, 1, 2);
INSERT INTO django_admin_log (id, action_time, object_id, object_repr, change_message, content_type_id, user_id, action_flag) VALUES (149, '2024-02-05 16:53:18.701963', '2', 'Colores object (2)', '[{"changed": {"fields": ["J2"]}}]', 14, 1, 2);
INSERT INTO django_admin_log (id, action_time, object_id, object_repr, change_message, content_type_id, user_id, action_flag) VALUES (150, '2024-02-05 16:53:29.473732', '1', 'Colores object (1)', '[{"changed": {"fields": ["J2"]}}]', 14, 1, 2);
INSERT INTO django_admin_log (id, action_time, object_id, object_repr, change_message, content_type_id, user_id, action_flag) VALUES (151, '2024-02-05 16:53:53.889193', '17', 'Manuel', '[{"changed": {"fields": ["J2"]}}]', 7, 1, 2);
INSERT INTO django_admin_log (id, action_time, object_id, object_repr, change_message, content_type_id, user_id, action_flag) VALUES (152, '2024-02-05 16:54:00.623522', '16', 'Horacio', '[{"changed": {"fields": ["J2"]}}]', 7, 1, 2);
INSERT INTO django_admin_log (id, action_time, object_id, object_repr, change_message, content_type_id, user_id, action_flag) VALUES (153, '2024-02-05 16:54:08.600489', '15', 'Alfonso', '[{"changed": {"fields": ["J2"]}}]', 7, 1, 2);
INSERT INTO django_admin_log (id, action_time, object_id, object_repr, change_message, content_type_id, user_id, action_flag) VALUES (154, '2024-02-05 16:54:14.927029', '14', 'Saem', '[{"changed": {"fields": ["J2"]}}]', 7, 1, 2);
INSERT INTO django_admin_log (id, action_time, object_id, object_repr, change_message, content_type_id, user_id, action_flag) VALUES (155, '2024-02-05 16:54:21.850505', '13', 'Miguel', '[{"changed": {"fields": ["J2"]}}]', 7, 1, 2);
INSERT INTO django_admin_log (id, action_time, object_id, object_repr, change_message, content_type_id, user_id, action_flag) VALUES (156, '2024-02-05 16:54:28.819527', '12', 'Fernando', '[{"changed": {"fields": ["J2"]}}]', 7, 1, 2);
INSERT INTO django_admin_log (id, action_time, object_id, object_repr, change_message, content_type_id, user_id, action_flag) VALUES (157, '2024-02-05 16:54:36.121259', '11', 'Jorge', '[{"changed": {"fields": ["J2"]}}]', 7, 1, 2);
INSERT INTO django_admin_log (id, action_time, object_id, object_repr, change_message, content_type_id, user_id, action_flag) VALUES (158, '2024-02-05 16:54:48.017829', '10', 'Omar', '[{"changed": {"fields": ["J2"]}}]', 7, 1, 2);
INSERT INTO django_admin_log (id, action_time, object_id, object_repr, change_message, content_type_id, user_id, action_flag) VALUES (159, '2024-02-05 16:54:54.988950', '10', 'Omar', '[]', 7, 1, 2);
INSERT INTO django_admin_log (id, action_time, object_id, object_repr, change_message, content_type_id, user_id, action_flag) VALUES (160, '2024-02-05 16:55:01.826030', '9', 'Juan Luis', '[{"changed": {"fields": ["J2"]}}]', 7, 1, 2);
INSERT INTO django_admin_log (id, action_time, object_id, object_repr, change_message, content_type_id, user_id, action_flag) VALUES (161, '2024-02-05 16:55:08.257785', '9', 'Juan Luis', '[]', 7, 1, 2);
INSERT INTO django_admin_log (id, action_time, object_id, object_repr, change_message, content_type_id, user_id, action_flag) VALUES (162, '2024-02-05 16:55:14.655363', '8', 'Josue', '[{"changed": {"fields": ["J2"]}}]', 7, 1, 2);
INSERT INTO django_admin_log (id, action_time, object_id, object_repr, change_message, content_type_id, user_id, action_flag) VALUES (163, '2024-02-05 16:55:21.161825', '6', 'Hector', '[{"changed": {"fields": ["J2"]}}]', 7, 1, 2);
INSERT INTO django_admin_log (id, action_time, object_id, object_repr, change_message, content_type_id, user_id, action_flag) VALUES (164, '2024-02-05 16:55:27.203213', '5', 'Erick', '[{"changed": {"fields": ["J2"]}}]', 7, 1, 2);
INSERT INTO django_admin_log (id, action_time, object_id, object_repr, change_message, content_type_id, user_id, action_flag) VALUES (165, '2024-02-05 16:55:34.196438', '4', 'Rafa', '[{"changed": {"fields": ["J2"]}}]', 7, 1, 2);
INSERT INTO django_admin_log (id, action_time, object_id, object_repr, change_message, content_type_id, user_id, action_flag) VALUES (166, '2024-02-05 16:55:41.403102', '3', 'Bryan', '[{"changed": {"fields": ["J2"]}}]', 7, 1, 2);
INSERT INTO django_admin_log (id, action_time, object_id, object_repr, change_message, content_type_id, user_id, action_flag) VALUES (167, '2024-02-05 16:55:49.219041', '2', 'Luis Angel', '[{"changed": {"fields": ["J2"]}}]', 7, 1, 2);
INSERT INTO django_admin_log (id, action_time, object_id, object_repr, change_message, content_type_id, user_id, action_flag) VALUES (168, '2024-02-05 16:55:55.763171', '1', 'Leo', '[{"changed": {"fields": ["J2"]}}]', 7, 1, 2);
INSERT INTO django_admin_log (id, action_time, object_id, object_repr, change_message, content_type_id, user_id, action_flag) VALUES (169, '2024-02-05 16:57:11.945675', '17', 'Puntos_extra object (17)', '[]', 13, 1, 2);
INSERT INTO django_admin_log (id, action_time, object_id, object_repr, change_message, content_type_id, user_id, action_flag) VALUES (170, '2024-02-05 16:57:17.518064', '15', 'Puntos_extra object (15)', '[]', 13, 1, 2);
INSERT INTO django_admin_log (id, action_time, object_id, object_repr, change_message, content_type_id, user_id, action_flag) VALUES (171, '2024-02-05 16:57:20.845562', '14', 'Puntos_extra object (14)', '[]', 13, 1, 2);
INSERT INTO django_admin_log (id, action_time, object_id, object_repr, change_message, content_type_id, user_id, action_flag) VALUES (172, '2024-02-05 16:57:25.615519', '13', 'Puntos_extra object (13)', '[]', 13, 1, 2);
INSERT INTO django_admin_log (id, action_time, object_id, object_repr, change_message, content_type_id, user_id, action_flag) VALUES (173, '2024-02-05 16:57:29.365305', '12', 'Puntos_extra object (12)', '[]', 13, 1, 2);
INSERT INTO django_admin_log (id, action_time, object_id, object_repr, change_message, content_type_id, user_id, action_flag) VALUES (174, '2024-02-05 16:57:32.895262', '11', 'Puntos_extra object (11)', '[]', 13, 1, 2);
INSERT INTO django_admin_log (id, action_time, object_id, object_repr, change_message, content_type_id, user_id, action_flag) VALUES (175, '2024-02-05 16:57:37.650390', '10', 'Puntos_extra object (10)', '[]', 13, 1, 2);
INSERT INTO django_admin_log (id, action_time, object_id, object_repr, change_message, content_type_id, user_id, action_flag) VALUES (176, '2024-02-05 16:57:45.655826', '9', 'Puntos_extra object (9)', '[]', 13, 1, 2);
INSERT INTO django_admin_log (id, action_time, object_id, object_repr, change_message, content_type_id, user_id, action_flag) VALUES (177, '2024-02-05 16:57:51.036012', '8', 'Puntos_extra object (8)', '[]', 13, 1, 2);
INSERT INTO django_admin_log (id, action_time, object_id, object_repr, change_message, content_type_id, user_id, action_flag) VALUES (178, '2024-02-05 16:58:18.307585', '16', 'Colores object (16)', '[{"changed": {"fields": ["J2"]}}]', 14, 1, 2);
INSERT INTO django_admin_log (id, action_time, object_id, object_repr, change_message, content_type_id, user_id, action_flag) VALUES (179, '2024-02-05 16:58:24.223160', '15', 'Colores object (15)', '[{"changed": {"fields": ["J2"]}}]', 14, 1, 2);
INSERT INTO django_admin_log (id, action_time, object_id, object_repr, change_message, content_type_id, user_id, action_flag) VALUES (180, '2024-02-05 16:58:30.149248', '14', 'Colores object (14)', '[{"changed": {"fields": ["J2"]}}]', 14, 1, 2);
INSERT INTO django_admin_log (id, action_time, object_id, object_repr, change_message, content_type_id, user_id, action_flag) VALUES (181, '2024-02-05 16:58:39.969878', '13', 'Colores object (13)', '[{"changed": {"fields": ["J2"]}}]', 14, 1, 2);
INSERT INTO django_admin_log (id, action_time, object_id, object_repr, change_message, content_type_id, user_id, action_flag) VALUES (182, '2024-02-05 16:58:45.880527', '12', 'Colores object (12)', '[{"changed": {"fields": ["J2"]}}]', 14, 1, 2);
INSERT INTO django_admin_log (id, action_time, object_id, object_repr, change_message, content_type_id, user_id, action_flag) VALUES (183, '2024-02-05 16:58:51.501021', '11', 'Colores object (11)', '[{"changed": {"fields": ["J2"]}}]', 14, 1, 2);
INSERT INTO django_admin_log (id, action_time, object_id, object_repr, change_message, content_type_id, user_id, action_flag) VALUES (184, '2024-02-05 16:58:57.299140', '10', 'Colores object (10)', '[{"changed": {"fields": ["J2"]}}]', 14, 1, 2);
INSERT INTO django_admin_log (id, action_time, object_id, object_repr, change_message, content_type_id, user_id, action_flag) VALUES (185, '2024-02-05 16:59:03.278845', '9', 'Colores object (9)', '[{"changed": {"fields": ["J2"]}}]', 14, 1, 2);
INSERT INTO django_admin_log (id, action_time, object_id, object_repr, change_message, content_type_id, user_id, action_flag) VALUES (186, '2024-02-05 16:59:09.415925', '8', 'Colores object (8)', '[{"changed": {"fields": ["J2"]}}]', 14, 1, 2);
INSERT INTO django_admin_log (id, action_time, object_id, object_repr, change_message, content_type_id, user_id, action_flag) VALUES (187, '2024-02-05 16:59:15.192785', '7', 'Colores object (7)', '[{"changed": {"fields": ["J2"]}}]', 14, 1, 2);
INSERT INTO django_admin_log (id, action_time, object_id, object_repr, change_message, content_type_id, user_id, action_flag) VALUES (188, '2024-02-05 16:59:22.397554', '6', 'Colores object (6)', '[{"changed": {"fields": ["J2"]}}]', 14, 1, 2);
INSERT INTO django_admin_log (id, action_time, object_id, object_repr, change_message, content_type_id, user_id, action_flag) VALUES (189, '2024-02-05 16:59:33.066204', '5', 'Colores object (5)', '[{"changed": {"fields": ["J2"]}}]', 14, 1, 2);
INSERT INTO django_admin_log (id, action_time, object_id, object_repr, change_message, content_type_id, user_id, action_flag) VALUES (190, '2024-02-05 16:59:38.747213', '4', 'Colores object (4)', '[{"changed": {"fields": ["J2"]}}]', 14, 1, 2);
INSERT INTO django_admin_log (id, action_time, object_id, object_repr, change_message, content_type_id, user_id, action_flag) VALUES (191, '2024-02-05 16:59:45.066708', '3', 'Colores object (3)', '[{"changed": {"fields": ["J2"]}}]', 14, 1, 2);
INSERT INTO django_admin_log (id, action_time, object_id, object_repr, change_message, content_type_id, user_id, action_flag) VALUES (192, '2024-02-05 16:59:51.198949', '2', 'Colores object (2)', '[{"changed": {"fields": ["J2"]}}]', 14, 1, 2);
INSERT INTO django_admin_log (id, action_time, object_id, object_repr, change_message, content_type_id, user_id, action_flag) VALUES (193, '2024-02-05 16:59:57.162100', '1', 'Colores object (1)', '[{"changed": {"fields": ["J2"]}}]', 14, 1, 2);
INSERT INTO django_admin_log (id, action_time, object_id, object_repr, change_message, content_type_id, user_id, action_flag) VALUES (194, '2024-02-05 19:07:43.346840', '1', 'Equipos object (1)', '[{"changed": {"fields": ["J2"]}}]', 11, 1, 2);
INSERT INTO django_admin_log (id, action_time, object_id, object_repr, change_message, content_type_id, user_id, action_flag) VALUES (195, '2024-02-05 19:12:51.029818', '1', 'Equipos object (1)', '[{"changed": {"fields": ["J3"]}}]', 11, 1, 2);

-- Tabla: django_content_type
CREATE TABLE IF NOT EXISTS "django_content_type" ("id" integer NOT NULL PRIMARY KEY AUTOINCREMENT, "app_label" varchar(100) NOT NULL, "model" varchar(100) NOT NULL);
INSERT INTO django_content_type (id, app_label, model) VALUES (1, 'admin', 'logentry');
INSERT INTO django_content_type (id, app_label, model) VALUES (2, 'auth', 'permission');
INSERT INTO django_content_type (id, app_label, model) VALUES (3, 'auth', 'group');
INSERT INTO django_content_type (id, app_label, model) VALUES (4, 'auth', 'user');
INSERT INTO django_content_type (id, app_label, model) VALUES (5, 'contenttypes', 'contenttype');
INSERT INTO django_content_type (id, app_label, model) VALUES (6, 'sessions', 'session');
INSERT INTO django_content_type (id, app_label, model) VALUES (7, 'tabla_general', 'jornadas');
INSERT INTO django_content_type (id, app_label, model) VALUES (8, 'llenar_quiniela', 'resultadopartido');
INSERT INTO django_content_type (id, app_label, model) VALUES (9, 'llenar_quiniela', 'equipospartidos');
INSERT INTO django_content_type (id, app_label, model) VALUES (10, 'llenar_quiniela', 'prediccion');
INSERT INTO django_content_type (id, app_label, model) VALUES (11, 'tabla_general', 'equipos');
INSERT INTO django_content_type (id, app_label, model) VALUES (12, 'tabla_general', 'cartas');
INSERT INTO django_content_type (id, app_label, model) VALUES (13, 'tabla_general', 'puntos_extra');
INSERT INTO django_content_type (id, app_label, model) VALUES (14, 'tabla_general', 'colores');

-- Tabla: django_migrations
CREATE TABLE IF NOT EXISTS "django_migrations" ("id" integer NOT NULL PRIMARY KEY AUTOINCREMENT, "app" varchar(255) NOT NULL, "name" varchar(255) NOT NULL, "applied" datetime NOT NULL);
INSERT INTO django_migrations (id, app, name, applied) VALUES (1, 'contenttypes', '0001_initial', '2024-01-28 01:26:28.825501');
INSERT INTO django_migrations (id, app, name, applied) VALUES (2, 'auth', '0001_initial', '2024-01-28 01:26:28.855382');
INSERT INTO django_migrations (id, app, name, applied) VALUES (3, 'admin', '0001_initial', '2024-01-28 01:26:28.879613');
INSERT INTO django_migrations (id, app, name, applied) VALUES (4, 'admin', '0002_logentry_remove_auto_add', '2024-01-28 01:26:28.886762');
INSERT INTO django_migrations (id, app, name, applied) VALUES (5, 'admin', '0003_logentry_add_action_flag_choices', '2024-01-28 01:26:28.900940');
INSERT INTO django_migrations (id, app, name, applied) VALUES (6, 'contenttypes', '0002_remove_content_type_name', '2024-01-28 01:26:28.930421');
INSERT INTO django_migrations (id, app, name, applied) VALUES (7, 'auth', '0002_alter_permission_name_max_length', '2024-01-28 01:26:28.947223');
INSERT INTO django_migrations (id, app, name, applied) VALUES (8, 'auth', '0003_alter_user_email_max_length', '2024-01-28 01:26:28.963767');
INSERT INTO django_migrations (id, app, name, applied) VALUES (9, 'auth', '0004_alter_user_username_opts', '2024-01-28 01:26:28.980366');
INSERT INTO django_migrations (id, app, name, applied) VALUES (10, 'auth', '0005_alter_user_last_login_null', '2024-01-28 01:26:28.997075');
INSERT INTO django_migrations (id, app, name, applied) VALUES (11, 'auth', '0006_require_contenttypes_0002', '2024-01-28 01:26:29.005867');
INSERT INTO django_migrations (id, app, name, applied) VALUES (12, 'auth', '0007_alter_validators_add_error_messages', '2024-01-28 01:26:29.013696');
INSERT INTO django_migrations (id, app, name, applied) VALUES (13, 'auth', '0008_alter_user_username_max_length', '2024-01-28 01:26:29.033006');
INSERT INTO django_migrations (id, app, name, applied) VALUES (14, 'auth', '0009_alter_user_last_name_max_length', '2024-01-28 01:26:29.053686');
INSERT INTO django_migrations (id, app, name, applied) VALUES (15, 'auth', '0010_alter_group_name_max_length', '2024-01-28 01:26:29.063903');
INSERT INTO django_migrations (id, app, name, applied) VALUES (16, 'auth', '0011_update_proxy_permissions', '2024-01-28 01:26:29.080462');
INSERT INTO django_migrations (id, app, name, applied) VALUES (17, 'auth', '0012_alter_user_first_name_max_length', '2024-01-28 01:26:29.097146');
INSERT INTO django_migrations (id, app, name, applied) VALUES (18, 'sessions', '0001_initial', '2024-01-28 01:26:29.103067');
INSERT INTO django_migrations (id, app, name, applied) VALUES (19, 'tabla_general', '0001_initial', '2024-01-28 15:36:36.535479');
INSERT INTO django_migrations (id, app, name, applied) VALUES (20, 'tabla_general', '0002_jornadas_suma_j', '2024-01-28 15:52:36.584885');
INSERT INTO django_migrations (id, app, name, applied) VALUES (21, 'llenar_quiniela', '0001_initial', '2024-01-30 05:23:20.496171');
INSERT INTO django_migrations (id, app, name, applied) VALUES (22, 'llenar_quiniela', '0002_equipospartidos', '2024-01-30 05:48:58.821027');
INSERT INTO django_migrations (id, app, name, applied) VALUES (23, 'llenar_quiniela', '0003_auto_20240130_0002', '2024-01-30 06:02:57.630729');
INSERT INTO django_migrations (id, app, name, applied) VALUES (24, 'llenar_quiniela', '0004_prediccion', '2024-01-30 06:44:01.980979');
INSERT INTO django_migrations (id, app, name, applied) VALUES (25, 'llenar_quiniela', '0005_auto_20240131_1241', '2024-01-31 18:41:36.815512');
INSERT INTO django_migrations (id, app, name, applied) VALUES (26, 'tabla_general', '0003_equipos', '2024-02-02 23:09:45.588158');
INSERT INTO django_migrations (id, app, name, applied) VALUES (27, 'tabla_general', '0004_auto_20240202_1714', '2024-02-02 23:14:55.926151');
INSERT INTO django_migrations (id, app, name, applied) VALUES (28, 'tabla_general', '0005_equipos_eq', '2024-02-02 23:34:03.417544');
INSERT INTO django_migrations (id, app, name, applied) VALUES (29, 'tabla_general', '0006_cartas', '2024-02-03 00:09:53.156806');
INSERT INTO django_migrations (id, app, name, applied) VALUES (30, 'tabla_general', '0007_puntos_extra', '2024-02-03 16:49:44.768583');
INSERT INTO django_migrations (id, app, name, applied) VALUES (31, 'tabla_general', '0008_colores', '2024-02-03 19:00:13.373297');
INSERT INTO django_migrations (id, app, name, applied) VALUES (32, 'tabla_general', '0009_auto_20240203_1300', '2024-02-03 19:00:48.398545');

-- Tabla: django_session
CREATE TABLE IF NOT EXISTS "django_session" ("session_key" varchar(40) NOT NULL PRIMARY KEY, "session_data" text NOT NULL, "expire_date" datetime NOT NULL);
INSERT INTO django_session (session_key, session_data, expire_date) VALUES ('qpvxdr0aj4ulcf9m1o7rel6d51bgjraw', '.eJxVzDEOAiEQheG7UBuSYRDB0t4zEJgZZNWwybJbGe-uJFto-_4v76Vi2tYaty5LnFidFajD75YTPaSNwPfUbrOmua3LlPUgeq9dX2eW52W3fwc19Tpu4YhYCvkgGfAEzqMtXrwpGBwCAxsObGgoTtbR1xNYhOSFnEX1_gDKTDdC:1rU7Hu:BO0gw4jVedSgrgVaIqbTaU_p9cg-YSMIYX1Pz6WM-ME', '2024-02-11 15:41:38.667219');

-- Tabla: llenar_quiniela_equipospartidos
CREATE TABLE IF NOT EXISTS "llenar_quiniela_equipospartidos" ("id" integer NOT NULL PRIMARY KEY AUTOINCREMENT, "j" integer NOT NULL, "eq1" varchar(100) NOT NULL, "eq10" varchar(100) NOT NULL, "eq11" varchar(100) NOT NULL, "eq12" varchar(100) NOT NULL, "eq13" varchar(100) NOT NULL, "eq14" varchar(100) NOT NULL, "eq15" varchar(100) NOT NULL, "eq16" varchar(100) NOT NULL, "eq17" varchar(100) NOT NULL, "eq18" varchar(100) NOT NULL, "eq19" varchar(100) NOT NULL, "eq20" varchar(100) NOT NULL, "eq21" varchar(100) NOT NULL, "eq22" varchar(100) NOT NULL, "eq3" varchar(100) NOT NULL, "eq4" varchar(100) NOT NULL, "eq5" varchar(100) NOT NULL, "eq6" varchar(100) NOT NULL, "eq7" varchar(100) NOT NULL, "eq8" varchar(100) NOT NULL, "eq9" varchar(100) NOT NULL, "eq2" varchar(100) NOT NULL);
INSERT INTO llenar_quiniela_equipospartidos (id, j, eq1, eq10, eq11, eq12, eq13, eq14, eq15, eq16, eq17, eq18, eq19, eq20, eq21, eq22, eq3, eq4, eq5, eq6, eq7, eq8, eq9, eq2) VALUES (1, 1, 'Puebla', 'San Luis', 'Necaxa', 'América', 'Pumas', 'Pachuca', 'Atlas', 'Juárez', 'Querétaro', 'Tigres', 'Stuttgart', 'Leipzig', 'Napoli', 'Lazio', 'Tijuana', 'Chivas', 'Cruz azul', 'Mazatlán', 'León', 'Santos', 'Monterrey', 'Toluca');

-- Tabla: llenar_quiniela_prediccion
CREATE TABLE IF NOT EXISTS "llenar_quiniela_prediccion" ("id" integer NOT NULL PRIMARY KEY AUTOINCREMENT, "nombre" varchar(255) NOT NULL, "pJ1" varchar(255) NOT NULL, "pJ10" varchar(255) NOT NULL, "pJ11" varchar(255) NOT NULL, "pJ12" varchar(255) NOT NULL, "pJ13" varchar(255) NOT NULL, "pJ14" varchar(255) NOT NULL, "pJ15" varchar(255) NOT NULL, "pJ16" varchar(255) NOT NULL, "pJ17" varchar(255) NOT NULL, "pJ2" varchar(255) NOT NULL, "pJ3" varchar(255) NOT NULL, "pJ4" varchar(255) NOT NULL, "pJ5" varchar(255) NOT NULL, "pJ6" varchar(255) NOT NULL, "pJ7" varchar(255) NOT NULL, "pJ8" varchar(255) NOT NULL, "pJ9" varchar(255) NOT NULL);
INSERT INTO llenar_quiniela_prediccion (id, nombre, pJ1, pJ10, pJ11, pJ12, pJ13, pJ14, pJ15, pJ16, pJ17, pJ2, pJ3, pJ4, pJ5, pJ6, pJ7, pJ8, pJ9) VALUES (9, 'Omar', 'E, L, L, LEV, V, L, V, LEV, V, L, V', 'X, X, X, X, X, X, X, X, X, X, X', 'X, X, X, X, X, X, X, X, X, X, X', 'X, X, X, X, X, X, X, X, X, X, X', 'X, X, X, X, X, X, X, X, X, X, X', 'X, X, X, X, X, X, X, X, X, X, X', 'X, X, X, X, X, X, X, X, X, X, X', 'X, X, X, X, X, X, X, X, X, X, X', 'X, X, X, X, X, X, X, X, X, X, X', 'L, E, V, L, L, V, L, V, X, E, V', 'V, V, L, E, L, V, L, L, V, E, V', 'X, X, X, X, X, X, X, X, X, X, X', 'X, X, X, X, X, X, X, X, X, X, X', 'X, X, X, X, X, X, X, X, X, X, X', 'X, X, X, X, X, X, X, X, X, X, X', 'X, X, X, X, X, X, X, X, X, X, X', 'X, X, X, X, X, X, X, X, X, X, X');
INSERT INTO llenar_quiniela_prediccion (id, nombre, pJ1, pJ10, pJ11, pJ12, pJ13, pJ14, pJ15, pJ16, pJ17, pJ2, pJ3, pJ4, pJ5, pJ6, pJ7, pJ8, pJ9) VALUES (10, 'Erick', 'VX, VL, EV, LL, VV, LL, EL, VV, EV, VV, VV', 'X, X, X, X, X, X, X, X, X, X, X', 'X, X, X, X, X, X, X, X, X, X, X', 'X, X, X, X, X, X, X, X, X, X, X', 'X, X, X, X, X, X, X, X, X, X, X', 'X, X, X, X, X, X, X, X, X, X, X', 'X, X, X, X, X, X, X, X, X, X, X', 'X, X, X, X, X, X, X, X, X, X, X', 'X, X, X, X, X, X, X, X, X, X, X', 'LE, V, V, L, L, E, L, EV, X, V, L', 'LEV, V, L, LEV, L, V, V, L, V, V, V', 'X, X, X, X, X, X, X, X, X, X, X', 'X, X, X, X, X, X, X, X, X, X, X', 'X, X, X, X, X, X, X, X, X, X, X', 'X, X, X, X, X, X, X, X, X, X, X', 'X, X, X, X, X, X, X, X, X, X, X', 'X, X, X, X, X, X, X, X, X, X, X');
INSERT INTO llenar_quiniela_prediccion (id, nombre, pJ1, pJ10, pJ11, pJ12, pJ13, pJ14, pJ15, pJ16, pJ17, pJ2, pJ3, pJ4, pJ5, pJ6, pJ7, pJ8, pJ9) VALUES (11, 'Hector', 'EE, EV, LE, LE, VE, LL, LL, EL, VV, VE, VV', 'X, X, X, X, X, X, X, X, X, X, X', 'X, X, X, X, X, X, X, X, X, X, X', 'X, X, X, X, X, X, X, X, X, X, X', 'X, X, X, X, X, X, X, X, X, X, X', 'X, X, X, X, X, X, X, X, X, X, X', 'X, X, X, X, X, X, X, X, X, X, X', 'X, X, X, X, X, X, X, X, X, X, X', 'X, X, X, X, X, X, X, X, X, X, X', 'E, V, E, L, L, L, E, E, X, V, E', 'E, V, LE, L, L, V, L, E, V, E, EV', 'X, X, X, X, X, X, X, X, X, X, X', 'X, X, X, X, X, X, X, X, X, X, X', 'X, X, X, X, X, X, X, X, X, X, X', 'X, X, X, X, X, X, X, X, X, X, X', 'X, X, X, X, X, X, X, X, X, X, X', 'X, X, X, X, X, X, X, X, X, X, X');
INSERT INTO llenar_quiniela_prediccion (id, nombre, pJ1, pJ10, pJ11, pJ12, pJ13, pJ14, pJ15, pJ16, pJ17, pJ2, pJ3, pJ4, pJ5, pJ6, pJ7, pJ8, pJ9) VALUES (12, 'Josue', 'E, E, LEV, LEV, E, L, L, E, V, V, E', 'X, X, X, X, X, X, X, X, X, X, X', 'X, X, X, X, X, X, X, X, X, X, X', 'X, X, X, X, X, X, X, X, X, X, X', 'X, X, X, X, X, X, X, X, X, X, X', 'X, X, X, X, X, X, X, X, X, X, X', 'X, X, X, X, X, X, X, X, X, X, X', 'X, X, X, X, X, X, X, X, X, X, X', 'X, X, X, X, X, X, X, X, X, X, X', 'E, L, V, L, L, L, L, V, X, V, E', 'V, E, L, L, L, V, E, L, V, V, V', 'X, X, X, X, X, X, X, X, X, X, X', 'X, X, X, X, X, X, X, X, X, X, X', 'X, X, X, X, X, X, X, X, X, X, X', 'X, X, X, X, X, X, X, X, X, X, X', 'X, X, X, X, X, X, X, X, X, X, X', 'X, X, X, X, X, X, X, X, X, X, X');
INSERT INTO llenar_quiniela_prediccion (id, nombre, pJ1, pJ10, pJ11, pJ12, pJ13, pJ14, pJ15, pJ16, pJ17, pJ2, pJ3, pJ4, pJ5, pJ6, pJ7, pJ8, pJ9) VALUES (13, 'Alfonso', 'E, V, L, E, V, L, E, L, V, E, E', 'X, X, X, X, X, X, X, X, X, X, X', 'X, X, X, X, X, X, X, X, X, X, X', 'X, X, X, X, X, X, X, X, X, X, X', 'X, X, X, X, X, X, X, X, X, X, X', 'X, X, X, X, X, X, X, X, X, X, X', 'X, X, X, X, X, X, X, X, X, X, X', 'X, X, X, X, X, X, X, X, X, X, X', 'X, X, X, X, X, X, X, X, X, X, X', 'L, E, LE, L, E, LV, V, V, X, V, L', 'V, V, E, L, L, V, E, E, V, L, V', 'X, X, X, X, X, X, X, X, X, X, X', 'X, X, X, X, X, X, X, X, X, X, X', 'X, X, X, X, X, X, X, X, X, X, X', 'X, X, X, X, X, X, X, X, X, X, X', 'X, X, X, X, X, X, X, X, X, X, X', 'X, X, X, X, X, X, X, X, X, X, X');
INSERT INTO llenar_quiniela_prediccion (id, nombre, pJ1, pJ10, pJ11, pJ12, pJ13, pJ14, pJ15, pJ16, pJ17, pJ2, pJ3, pJ4, pJ5, pJ6, pJ7, pJ8, pJ9) VALUES (14, 'Horacio', 'V, LE, L, L, EV, L, L, E, L, L, V', 'X, X, X, X, X, X, X, X, X, X, X', 'X, X, X, X, X, X, X, X, X, X, X', 'X, X, X, X, X, X, X, X, X, X, X', 'X, X, X, X, X, X, X, X, X, X, X', 'X, X, X, X, X, X, X, X, X, X, X', 'X, X, X, X, X, X, X, X, X, X, X', 'X, X, X, X, X, X, X, X, X, X, X', 'X, X, X, X, X, X, X, X, X, X, X', 'LEV, LEV, V, L, L, L, L, E, X, L, LEV', 'EV, EE, LL, LE, LE, VV, LE, LL, VV, LE, LL', 'X, X, X, X, X, X, X, X, X, X, X', 'X, X, X, X, X, X, X, X, X, X, X', 'X, X, X, X, X, X, X, X, X, X, X', 'X, X, X, X, X, X, X, X, X, X, X', 'X, X, X, X, X, X, X, X, X, X, X', 'X, X, X, X, X, X, X, X, X, X, X');
INSERT INTO llenar_quiniela_prediccion (id, nombre, pJ1, pJ10, pJ11, pJ12, pJ13, pJ14, pJ15, pJ16, pJ17, pJ2, pJ3, pJ4, pJ5, pJ6, pJ7, pJ8, pJ9) VALUES (15, 'Miguel', 'L, E, L, L, V, L, L, E, V, V, L', 'X, X, X, X, X, X, X, X, X, X, X', 'X, X, X, X, X, X, X, X, X, X, X', 'X, X, X, X, X, X, X, X, X, X, X', 'X, X, X, X, X, X, X, X, X, X, X', 'X, X, X, X, X, X, X, X, X, X, X', 'X, X, X, X, X, X, X, X, X, X, X', 'X, X, X, X, X, X, X, X, X, X, X', 'X, X, X, X, X, X, X, X, X, X, X', 'X, X, X, X, X, X, X, X, X, X, X', 'V, V, L, L, E, V, L, E, V, V, V', 'X, X, X, X, X, X, X, X, X, X, X', 'X, X, X, X, X, X, X, X, X, X, X', 'X, X, X, X, X, X, X, X, X, X, X', 'X, X, X, X, X, X, X, X, X, X, X', 'X, X, X, X, X, X, X, X, X, X, X', 'X, X, X, X, X, X, X, X, X, X, X');
INSERT INTO llenar_quiniela_prediccion (id, nombre, pJ1, pJ10, pJ11, pJ12, pJ13, pJ14, pJ15, pJ16, pJ17, pJ2, pJ3, pJ4, pJ5, pJ6, pJ7, pJ8, pJ9) VALUES (16, 'Fernando', '1-2, 0-0, 2-1, 2-0, 2-2, 2-0, 2-0, 0-0, 2-1, 1-1, 0-2', 'X, X, X, X, X, X, X, X, X, X, X', 'X, X, X, X, X, X, X, X, X, X, X', 'X, X, X, X, X, X, X, X, X, X, X', 'X, X, X, X, X, X, X, X, X, X, X', 'X, X, X, X, X, X, X, X, X, X, X', 'X, X, X, X, X, X, X, X, X, X, X', 'X, X, X, X, X, X, X, X, X, X, X', 'X, X, X, X, X, X, X, X, X, X, X', 'V, E, V, L, L, V, L, E, X, V, L', 'V, L, E, V, E, V, L, E, V, E, L', 'X, X, X, X, X, X, X, X, X, X, X', 'X, X, X, X, X, X, X, X, X, X, X', 'X, X, X, X, X, X, X, X, X, X, X', 'X, X, X, X, X, X, X, X, X, X, X', 'X, X, X, X, X, X, X, X, X, X, X', 'X, X, X, X, X, X, X, X, X, X, X');
INSERT INTO llenar_quiniela_prediccion (id, nombre, pJ1, pJ10, pJ11, pJ12, pJ13, pJ14, pJ15, pJ16, pJ17, pJ2, pJ3, pJ4, pJ5, pJ6, pJ7, pJ8, pJ9) VALUES (17, 'Manuel', '0-2, 0-1, 0-0, 2-1, 1-3, 2-0, 2-2, 1-0, 1-3, 1-3, 2-3', 'X, X, X, X, X, X, X, X, X, X, X', 'X, X, X, X, X, X, X, X, X, X, X', 'X, X, X, X, X, X, X, X, X, X, X', 'X, X, X, X, X, X, X, X, X, X, X', 'X, X, X, X, X, X, X, X, X, X, X', 'X, X, X, X, X, X, X, X, X, X, X', 'X, X, X, X, X, X, X, X, X, X, X', 'X, X, X, X, X, X, X, X, X, X, X', 'EV, VL, EV, EL, LL, VL, LE, LV, XX, EV, EV', 'V, V, LE, E, LV, V, L, L, V, V, V', 'X, X, X, X, X, X, X, X, X, X, X', 'X, X, X, X, X, X, X, X, X, X, X', 'X, X, X, X, X, X, X, X, X, X, X', 'X, X, X, X, X, X, X, X, X, X, X', 'X, X, X, X, X, X, X, X, X, X, X', 'X, X, X, X, X, X, X, X, X, X, X');
INSERT INTO llenar_quiniela_prediccion (id, nombre, pJ1, pJ10, pJ11, pJ12, pJ13, pJ14, pJ15, pJ16, pJ17, pJ2, pJ3, pJ4, pJ5, pJ6, pJ7, pJ8, pJ9) VALUES (18, 'Rafa', 'V, V, LEV, LEV, V, L, L, V, E, V, L', 'X, X, X, X, X, X, X, X, X, X, X', 'X, X, X, X, X, X, X, X, X, X, X', 'X, X, X, X, X, X, X, X, X, X, X', 'X, X, X, X, X, X, X, X, X, X, X', 'X, X, X, X, X, X, X, X, X, X, X', 'X, X, X, X, X, X, X, X, X, X, X', 'X, X, X, X, X, X, X, X, X, X, X', 'X, X, X, X, X, X, X, X, X, X, X', '1-0, 0-1, 0-1, 1-0, 2-0, 2-1, 2-0, 2-2, X, 0-1, 0-1', 'V, V, L, L, L, V, E, E, V, V, V', 'X, X, X, X, X, X, X, X, X, X, X', 'X, X, X, X, X, X, X, X, X, X, X', 'X, X, X, X, X, X, X, X, X, X, X', 'X, X, X, X, X, X, X, X, X, X, X', 'X, X, X, X, X, X, X, X, X, X, X', 'X, X, X, X, X, X, X, X, X, X, X');
INSERT INTO llenar_quiniela_prediccion (id, nombre, pJ1, pJ10, pJ11, pJ12, pJ13, pJ14, pJ15, pJ16, pJ17, pJ2, pJ3, pJ4, pJ5, pJ6, pJ7, pJ8, pJ9) VALUES (19, 'Bryan', 'E, LE, E, L, L, L, L, E, V, LE, E', 'X, X, X, X, X, X, X, X, X, X, X', 'X, X, X, X, X, X, X, X, X, X, X', 'X, X, X, X, X, X, X, X, X, X, X', 'X, X, X, X, X, X, X, X, X, X, X', 'X, X, X, X, X, X, X, X, X, X, X', 'X, X, X, X, X, X, X, X, X, X, X', 'X, X, X, X, X, X, X, X, X, X, X', 'X, X, X, X, X, X, X, X, X, X, X', 'LEV, LEV, E, L, L, L, L, E, X, V, L', 'EL, VE, LL, EL, LL, VE, LE, EE, VE, VE, LE', 'X, X, X, X, X, X, X, X, X, X, X', 'X, X, X, X, X, X, X, X, X, X, X', 'X, X, X, X, X, X, X, X, X, X, X', 'X, X, X, X, X, X, X, X, X, X, X', 'X, X, X, X, X, X, X, X, X, X, X', 'X, X, X, X, X, X, X, X, X, X, X');
INSERT INTO llenar_quiniela_prediccion (id, nombre, pJ1, pJ10, pJ11, pJ12, pJ13, pJ14, pJ15, pJ16, pJ17, pJ2, pJ3, pJ4, pJ5, pJ6, pJ7, pJ8, pJ9) VALUES (20, 'Luis Angel', 'L, L, L, L, V, L, L, E, V, V, L', 'X, X, X, X, X, X, X, X, X, X, X', 'X, X, X, X, X, X, X, X, X, X, X', 'X, X, X, X, X, X, X, X, X, X, X', 'X, X, X, X, X, X, X, X, X, X, X', 'X, X, X, X, X, X, X, X, X, X, X', 'X, X, X, X, X, X, X, X, X, X, X', 'X, X, X, X, X, X, X, X, X, X, X', 'X, X, X, X, X, X, X, X, X, X, X', '2-1, 1-2, 0-1, 1-0, 0-1, 1-0, 2-2, 1-1, X, 1-3, 1-0', 'V, V, L, L, L, V, L, L, E, V, L', 'X, X, X, X, X, X, X, X, X, X, X', 'X, X, X, X, X, X, X, X, X, X, X', 'X, X, X, X, X, X, X, X, X, X, X', 'X, X, X, X, X, X, X, X, X, X, X', 'X, X, X, X, X, X, X, X, X, X, X', 'X, X, X, X, X, X, X, X, X, X, X');
INSERT INTO llenar_quiniela_prediccion (id, nombre, pJ1, pJ10, pJ11, pJ12, pJ13, pJ14, pJ15, pJ16, pJ17, pJ2, pJ3, pJ4, pJ5, pJ6, pJ7, pJ8, pJ9) VALUES (21, 'Juan Luis', 'EV, EV, LV, EL, VV, EL, EL, EV, EV, LE, EL', 'X, X, X, X, X, X, X, X, X, X, X', 'X, X, X, X, X, X, X, X, X, X, X', 'X, X, X, X, X, X, X, X, X, X, X', 'X, X, X, X, X, X, X, X, X, X, X', 'X, X, X, X, X, X, X, X, X, X, X', 'X, X, X, X, X, X, X, X, X, X, X', 'X, X, X, X, X, X, X, X, X, X, X', 'X, X, X, X, X, X, X, X, X, X, X', '2-1, 1-1, 1-2, 2-0, 2-1, 2-2, 2-1, 1-2, X, 1-2, 1-3', 'V, V, L, L, L, V, LEV, E, V, V, L', 'X, X, X, X, X, X, X, X, X, X, X', 'X, X, X, X, X, X, X, X, X, X, X', 'X, X, X, X, X, X, X, X, X, X, X', 'X, X, X, X, X, X, X, X, X, X, X', 'X, X, X, X, X, X, X, X, X, X, X', 'X, X, X, X, X, X, X, X, X, X, X');
INSERT INTO llenar_quiniela_prediccion (id, nombre, pJ1, pJ10, pJ11, pJ12, pJ13, pJ14, pJ15, pJ16, pJ17, pJ2, pJ3, pJ4, pJ5, pJ6, pJ7, pJ8, pJ9) VALUES (22, 'Jorge', 'EV, VE, EV, VE, VV, EL, LL, EE, LV, VE, VV', 'X, X, X, X, X, X, X, X, X, X, X', 'X, X, X, X, X, X, X, X, X, X, X', 'X, X, X, X, X, X, X, X, X, X, X', 'X, X, X, X, X, X, X, X, X, X, X', 'X, X, X, X, X, X, X, X, X, X, X', 'X, X, X, X, X, X, X, X, X, X, X', 'X, X, X, X, X, X, X, X, X, X, X', 'X, X, X, X, X, X, X, X, X, X, X', 'E, LV, E, L, L, E, L, LV, X, V, E', 'V, LV, L, L, E, L, LV, E, V, L, L', 'X, X, X, X, X, X, X, X, X, X, X', 'X, X, X, X, X, X, X, X, X, X, X', 'X, X, X, X, X, X, X, X, X, X, X', 'X, X, X, X, X, X, X, X, X, X, X', 'X, X, X, X, X, X, X, X, X, X, X', 'X, X, X, X, X, X, X, X, X, X, X');
INSERT INTO llenar_quiniela_prediccion (id, nombre, pJ1, pJ10, pJ11, pJ12, pJ13, pJ14, pJ15, pJ16, pJ17, pJ2, pJ3, pJ4, pJ5, pJ6, pJ7, pJ8, pJ9) VALUES (23, 'Leo', '0-1, 0-1, 1-2, 2-0, 1-2, 2-0, 2-1, 1-1, 1-3, 1-2, 1-2', 'X, X, X, X, X, X, X, X, X, X, X', 'X, X, X, X, X, X, X, X, X, X, X', 'X, X, X, X, X, X, X, X, X, X, X', 'X, X, X, X, X, X, X, X, X, X, X', 'X, X, X, X, X, X, X, X, X, X, X', 'X, X, X, X, X, X, X, X, X, X, X', 'X, X, X, X, X, X, X, X, X, X, X', 'X, X, X, X, X, X, X, X, X, X, X', 'E, V, V, L, L, L, L, V, X, LEV, LEV', 'V, V, L, LE, L, V, L, L, V, V, LV', 'X, X, X, X, X, X, X, X, X, X, X', 'X, X, X, X, X, X, X, X, X, X, X', 'X, X, X, X, X, X, X, X, X, X, X', 'X, X, X, X, X, X, X, X, X, X, X', 'X, X, X, X, X, X, X, X, X, X, X', 'X, X, X, X, X, X, X, X, X, X, X');
INSERT INTO llenar_quiniela_prediccion (id, nombre, pJ1, pJ10, pJ11, pJ12, pJ13, pJ14, pJ15, pJ16, pJ17, pJ2, pJ3, pJ4, pJ5, pJ6, pJ7, pJ8, pJ9) VALUES (24, 'Saem', 'L, E, LV, L, V, L, LV, E, V, E, L', 'X, X, X, X, X, X, X, X, X, X, X', 'X, X, X, X, X, X, X, X, X, X, X', 'X, X, X, X, X, X, X, X, X, X, X', 'X, X, X, X, X, X, X, X, X, X, X', 'X, X, X, X, X, X, X, X, X, X, X', 'X, X, X, X, X, X, X, X, X, X, X', 'X, X, X, X, X, X, X, X, X, X, X', 'X, X, X, X, X, X, X, X, X, X, X', 'LV, LV, LV, LV, EV, VL, VL, VL, XX, EV, EV', 'VV, EE, LL, LE, LL, VV, EE, LV, VE, EV, VV', 'X, X, X, X, X, X, X, X, X, X, X', 'X, X, X, X, X, X, X, X, X, X, X', 'X, X, X, X, X, X, X, X, X, X, X', 'X, X, X, X, X, X, X, X, X, X, X', 'X, X, X, X, X, X, X, X, X, X, X', 'X, X, X, X, X, X, X, X, X, X, X');
INSERT INTO llenar_quiniela_prediccion (id, nombre, pJ1, pJ10, pJ11, pJ12, pJ13, pJ14, pJ15, pJ16, pJ17, pJ2, pJ3, pJ4, pJ5, pJ6, pJ7, pJ8, pJ9) VALUES (25, 'Resultados', '2-2, 0-1, 1-1, 0-1, 0-2, 2-0, 1-0, 2-1, 1-2, 3-0, 2-2', 'X, X, X, X, X, X, X, X, X, X, X', 'X, X, X, X, X, X, X, X, X, X, X', 'X, X, X, X, X, X, X, X, X, X, X', 'X, X, X, X, X, X, X, X, X, X, X', 'X, X, X, X, X, X, X, X, X, X, X', 'X, X, X, X, X, X, X, X, X, X, X', 'X, X, X, X, X, X, X, X, X, X, X', 'X, X, X, X, X, X, X, X, X, X, X', '1-2, 3-1, 0-0, 4-1, 2-0, 0-0, 1-0, 0-2, NA, 2-3, 3-2', '1-1, 1-1, 2-1, 3-2, 3-1, 0-0, 3-1, 2-1, 1-1, 5-2, 0-0', 'X, X, X, X, X, X, X, X, X, X, X', 'X, X, X, X, X, X, X, X, X, X, X', 'X, X, X, X, X, X, X, X, X, X, X', 'X, X, X, X, X, X, X, X, X, X, X', 'X, X, X, X, X, X, X, X, X, X, X', 'X, X, X, X, X, X, X, X, X, X, X');

-- Tabla: llenar_quiniela_resultadopartido
CREATE TABLE IF NOT EXISTS "llenar_quiniela_resultadopartido" ("id" integer NOT NULL PRIMARY KEY AUTOINCREMENT, "equipo1" varchar(100) NOT NULL, "equipo2" varchar(100) NOT NULL, "resultado" varchar(50) NOT NULL);

-- Tabla: tabla_general_cartas
CREATE TABLE IF NOT EXISTS "tabla_general_cartas" ("id" integer NOT NULL PRIMARY KEY AUTOINCREMENT, "nombre" varchar(50) NOT NULL, "j1" varchar(10) NOT NULL, "j2" varchar(10) NOT NULL, "j3" varchar(10) NOT NULL, "j4" varchar(10) NOT NULL, "j5" varchar(10) NOT NULL, "j6" varchar(10) NOT NULL, "j7" varchar(10) NOT NULL, "j8" varchar(10) NOT NULL, "j9" varchar(10) NOT NULL, "j10" varchar(10) NOT NULL, "j11" varchar(10) NOT NULL, "j12" varchar(10) NOT NULL, "j13" varchar(10) NOT NULL, "j14" varchar(10) NOT NULL, "j15" varchar(10) NOT NULL, "j16" varchar(10) NOT NULL, "j17" varchar(10) NOT NULL);
INSERT INTO tabla_general_cartas (id, nombre, j1, j2, j3, j4, j5, j6, j7, j8, j9, j10, j11, j12, j13, j14, j15, j16, j17) VALUES (1, 'Luis Angel', 'M', 'MA', 'J', 'NC', 'NC', 'NC', 'NC', 'NC', 'NC', 'NC', 'NC', 'NC', 'NC', 'NC', 'NC', 'NC', 'NC');
INSERT INTO tabla_general_cartas (id, nombre, j1, j2, j3, j4, j5, j6, j7, j8, j9, j10, j11, j12, j13, j14, j15, j16, j17) VALUES (2, 'Leo', 'MA', 'OT', 'OD', 'NC', 'NC', 'NC', 'NC', 'NC', 'NC', 'NC', 'NC', 'NC', 'NC', 'NC', 'NC', 'NC', 'NC');
INSERT INTO tabla_general_cartas (id, nombre, j1, j2, j3, j4, j5, j6, j7, j8, j9, j10, j11, j12, j13, j14, j15, j16, j17) VALUES (3, 'Bryan', 'OD', 'OT', 'DQ', 'NC', 'NC', 'NC', 'NC', 'NC', 'NC', 'NC', 'NC', 'NC', 'NC', 'NC', 'NC', 'NC', 'NC');
INSERT INTO tabla_general_cartas (id, nombre, j1, j2, j3, j4, j5, j6, j7, j8, j9, j10, j11, j12, j13, j14, j15, j16, j17) VALUES (4, 'Josue', 'OT', 'M', 'J', 'NC', 'NC', 'NC', 'NC', 'NC', 'NC', 'NC', 'NC', 'NC', 'NC', 'NC', 'NC', 'NC', 'NC');
INSERT INTO tabla_general_cartas (id, nombre, j1, j2, j3, j4, j5, j6, j7, j8, j9, j10, j11, j12, j13, j14, j15, j16, j17) VALUES (5, 'Rafa', 'OT', 'MA', 'J', 'NC', 'NC', 'NC', 'NC', 'NC', 'NC', 'NC', 'NC', 'NC', 'NC', 'NC', 'NC', 'NC', 'NC');
INSERT INTO tabla_general_cartas (id, nombre, j1, j2, j3, j4, j5, j6, j7, j8, j9, j10, j11, j12, j13, j14, j15, j16, j17) VALUES (6, 'Horacio', 'OD', 'OT', 'DQ', 'NC', 'NC', 'NC', 'NC', 'NC', 'NC', 'NC', 'NC', 'NC', 'NC', 'NC', 'NC', 'NC', 'NC');
INSERT INTO tabla_general_cartas (id, nombre, j1, j2, j3, j4, j5, j6, j7, j8, j9, j10, j11, j12, j13, j14, j15, j16, j17) VALUES (7, 'Hector', 'DQ', 'M', 'OD', 'NC', 'NC', 'NC', 'NC', 'NC', 'NC', 'NC', 'NC', 'NC', 'NC', 'NC', 'NC', 'NC', 'NC');
INSERT INTO tabla_general_cartas (id, nombre, j1, j2, j3, j4, j5, j6, j7, j8, j9, j10, j11, j12, j13, j14, j15, j16, j17) VALUES (8, 'Jorge', 'DQ', 'OD', 'OD', 'NC', 'NC', 'NC', 'NC', 'NC', 'NC', 'NC', 'NC', 'NC', 'NC', 'NC', 'NC', 'NC', 'NC');
INSERT INTO tabla_general_cartas (id, nombre, j1, j2, j3, j4, j5, j6, j7, j8, j9, j10, j11, j12, j13, j14, j15, j16, j17) VALUES (9, 'Fernando', 'MA', 'IQ', 'J', 'NC', 'NC', 'NC', 'NC', 'NC', 'NC', 'NC', 'NC', 'NC', 'NC', 'NC', 'NC', 'NC', 'NC');
INSERT INTO tabla_general_cartas (id, nombre, j1, j2, j3, j4, j5, j6, j7, j8, j9, j10, j11, j12, j13, j14, j15, j16, j17) VALUES (10, 'Erick', 'DQ', 'OD', 'OT', 'NC', 'NC', 'NC', 'NC', 'NC', 'NC', 'NC', 'NC', 'NC', 'NC', 'NC', 'NC', 'NC', 'NC');
INSERT INTO tabla_general_cartas (id, nombre, j1, j2, j3, j4, j5, j6, j7, j8, j9, j10, j11, j12, j13, j14, j15, j16, j17) VALUES (11, 'Saem', 'OD', 'DQ', 'DQ', 'NC', 'NC', 'NC', 'NC', 'NC', 'NC', 'NC', 'NC', 'NC', 'NC', 'NC', 'NC', 'NC', 'NC');
INSERT INTO tabla_general_cartas (id, nombre, j1, j2, j3, j4, j5, j6, j7, j8, j9, j10, j11, j12, j13, j14, j15, j16, j17) VALUES (12, 'Omar', 'OT', 'M', 'M', 'NC', 'NC', 'NC', 'NC', 'NC', 'NC', 'NC', 'NC', 'NC', 'NC', 'NC', 'NC', 'NC', 'NC');
INSERT INTO tabla_general_cartas (id, nombre, j1, j2, j3, j4, j5, j6, j7, j8, j9, j10, j11, j12, j13, j14, j15, j16, j17) VALUES (13, 'Juan Luis', 'DQ', 'MA', 'OT', 'NC', 'NC', 'NC', 'NC', 'NC', 'NC', 'NC', 'NC', 'NC', 'NC', 'NC', 'NC', 'NC', 'NC');
INSERT INTO tabla_general_cartas (id, nombre, j1, j2, j3, j4, j5, j6, j7, j8, j9, j10, j11, j12, j13, j14, j15, j16, j17) VALUES (14, 'Manuel', 'MA', 'DQ', 'OD', 'NC', 'NC', 'NC', 'NC', 'NC', 'NC', 'NC', 'NC', 'NC', 'NC', 'NC', 'NC', 'NC', 'NC');
INSERT INTO tabla_general_cartas (id, nombre, j1, j2, j3, j4, j5, j6, j7, j8, j9, j10, j11, j12, j13, j14, j15, j16, j17) VALUES (15, 'Alfonso', 'M', 'OD', 'M', 'NC', 'NC', 'NC', 'NC', 'NC', 'NC', 'NC', 'NC', 'NC', 'NC', 'NC', 'NC', 'NC', 'NC');
INSERT INTO tabla_general_cartas (id, nombre, j1, j2, j3, j4, j5, j6, j7, j8, j9, j10, j11, j12, j13, j14, j15, j16, j17) VALUES (16, 'Miguel', 'NC', 'NC', 'J', 'NC', 'NC', 'NC', 'NC', 'NC', 'NC', 'NC', 'NC', 'NC', 'NC', 'NC', 'NC', 'NC', 'NC');

-- Tabla: tabla_general_colores
CREATE TABLE IF NOT EXISTS "tabla_general_colores" ("id" integer NOT NULL PRIMARY KEY AUTOINCREMENT, "nombre" varchar(50) NOT NULL, "j1" varchar(500) NOT NULL, "j2" varchar(500) NOT NULL, "j3" varchar(500) NOT NULL, "j4" varchar(500) NOT NULL, "j5" varchar(500) NOT NULL, "j6" varchar(500) NOT NULL, "j7" varchar(500) NOT NULL, "j8" varchar(500) NOT NULL, "j10" varchar(500) NOT NULL, "j11" varchar(500) NOT NULL, "j12" varchar(500) NOT NULL, "j13" varchar(500) NOT NULL, "j14" varchar(500) NOT NULL, "j15" varchar(500) NOT NULL, "j16" varchar(500) NOT NULL, "j17" varchar(500) NOT NULL, "j9" varchar(500) NOT NULL);
INSERT INTO tabla_general_colores (id, nombre, j1, j2, j3, j4, j5, j6, j7, j8, j10, j11, j12, j13, j14, j15, j16, j17, j9) VALUES (1, 'Bryan', 'lightgreen, lightsalmon, lightgreen, lightsalmon, lightsalmon, lightgreen, lightgreen, lightsalmon, lightgreen, lightgreen, lightgreen', 'lightgreen, lightgreen, lightgreen, lightgreen, lightgreen, lightsalmon, lightgreen, lightsalmon, lightsalmon, lightgreen, lightgreen', 'lightsalmon, lightgreen, lightgreen, lightgreen, lightgreen, lightgreen, lightsalmon, lightsalmon, lightgreen, lightsalmon, lightgreen', 'lightsalmon, lightsalmon, lightsalmon, lightsalmon, lightsalmon, lightsalmon, lightsalmon, lightsalmon, lightsalmon, lightsalmon, lightsalmon', 'lightsalmon, lightsalmon, lightsalmon, lightsalmon, lightsalmon, lightsalmon, lightsalmon, lightsalmon, lightsalmon, lightsalmon, lightsalmon', 'lightsalmon, lightsalmon, lightsalmon, lightsalmon, lightsalmon, lightsalmon, lightsalmon, lightsalmon, lightsalmon, lightsalmon, lightsalmon', 'lightsalmon, lightsalmon, lightsalmon, lightsalmon, lightsalmon, lightsalmon, lightsalmon, lightsalmon, lightsalmon, lightsalmon, lightsalmon', 'lightsalmon, lightsalmon, lightsalmon, lightsalmon, lightsalmon, lightsalmon, lightsalmon, lightsalmon, lightsalmon, lightsalmon, lightsalmon', 'lightsalmon, lightsalmon, lightsalmon, lightsalmon, lightsalmon, lightsalmon, lightsalmon, lightsalmon, lightsalmon, lightsalmon, lightsalmon', 'lightsalmon, lightsalmon, lightsalmon, lightsalmon, lightsalmon, lightsalmon, lightsalmon, lightsalmon, lightsalmon, lightsalmon, lightsalmon', 'lightsalmon, lightsalmon, lightsalmon, lightsalmon, lightsalmon, lightsalmon, lightsalmon, lightsalmon, lightsalmon, lightsalmon, lightsalmon', 'lightsalmon, lightsalmon, lightsalmon, lightsalmon, lightsalmon, lightsalmon, lightsalmon, lightsalmon, lightsalmon, lightsalmon, lightsalmon', 'lightsalmon, lightsalmon, lightsalmon, lightsalmon, lightsalmon, lightsalmon, lightsalmon, lightsalmon, lightsalmon, lightsalmon, lightsalmon', 'lightsalmon, lightsalmon, lightsalmon, lightsalmon, lightsalmon, lightsalmon, lightsalmon, lightsalmon, lightsalmon, lightsalmon, lightsalmon', 'lightsalmon, lightsalmon, lightsalmon, lightsalmon, lightsalmon, lightsalmon, lightsalmon, lightsalmon, lightsalmon, lightsalmon, lightsalmon', 'lightsalmon, lightsalmon, lightsalmon, lightsalmon, lightsalmon, lightsalmon, lightsalmon, lightsalmon, lightsalmon, lightsalmon, lightsalmon', 'lightsalmon, lightsalmon, lightsalmon, lightsalmon, lightsalmon, lightsalmon, lightsalmon, lightsalmon, lightsalmon, lightsalmon, lightsalmon');
INSERT INTO tabla_general_colores (id, nombre, j1, j2, j3, j4, j5, j6, j7, j8, j10, j11, j12, j13, j14, j15, j16, j17, j9) VALUES (2, 'Josue', 'lightgreen, lightsalmon, lightgreen, lightgreen, lightsalmon, lightgreen, lightgreen, lightsalmon, lightgreen, lightsalmon, lightgreen', 'lightsalmon, lightgreen, lightsalmon, lightgreen, lightgreen, lightsalmon, lightgreen, lightgreen, lightsalmon, lightgreen, lightsalmon', 'lightsalmon, lightgreen, lightgreen, lightgreen, lightgreen, lightsalmon, lightsalmon, lightgreen, lightsalmon, lightsalmon, lightsalmon', 'lightsalmon, lightsalmon, lightsalmon, lightsalmon, lightsalmon, lightsalmon, lightsalmon, lightsalmon, lightsalmon, lightsalmon, lightsalmon', 'lightsalmon, lightsalmon, lightsalmon, lightsalmon, lightsalmon, lightsalmon, lightsalmon, lightsalmon, lightsalmon, lightsalmon, lightsalmon', 'lightsalmon, lightsalmon, lightsalmon, lightsalmon, lightsalmon, lightsalmon, lightsalmon, lightsalmon, lightsalmon, lightsalmon, lightsalmon', 'lightsalmon, lightsalmon, lightsalmon, lightsalmon, lightsalmon, lightsalmon, lightsalmon, lightsalmon, lightsalmon, lightsalmon, lightsalmon', 'lightsalmon, lightsalmon, lightsalmon, lightsalmon, lightsalmon, lightsalmon, lightsalmon, lightsalmon, lightsalmon, lightsalmon, lightsalmon', 'lightsalmon, lightsalmon, lightsalmon, lightsalmon, lightsalmon, lightsalmon, lightsalmon, lightsalmon, lightsalmon, lightsalmon, lightsalmon', 'lightsalmon, lightsalmon, lightsalmon, lightsalmon, lightsalmon, lightsalmon, lightsalmon, lightsalmon, lightsalmon, lightsalmon, lightsalmon', 'lightsalmon, lightsalmon, lightsalmon, lightsalmon, lightsalmon, lightsalmon, lightsalmon, lightsalmon, lightsalmon, lightsalmon, lightsalmon', 'lightsalmon, lightsalmon, lightsalmon, lightsalmon, lightsalmon, lightsalmon, lightsalmon, lightsalmon, lightsalmon, lightsalmon, lightsalmon', 'lightsalmon, lightsalmon, lightsalmon, lightsalmon, lightsalmon, lightsalmon, lightsalmon, lightsalmon, lightsalmon, lightsalmon, lightsalmon', 'lightsalmon, lightsalmon, lightsalmon, lightsalmon, lightsalmon, lightsalmon, lightsalmon, lightsalmon, lightsalmon, lightsalmon, lightsalmon', 'lightsalmon, lightsalmon, lightsalmon, lightsalmon, lightsalmon, lightsalmon, lightsalmon, lightsalmon, lightsalmon, lightsalmon, lightsalmon', 'lightsalmon, lightsalmon, lightsalmon, lightsalmon, lightsalmon, lightsalmon, lightsalmon, lightsalmon, lightsalmon, lightsalmon, lightsalmon', 'lightsalmon, lightsalmon, lightsalmon, lightsalmon, lightsalmon, lightsalmon, lightsalmon, lightsalmon, lightsalmon, lightsalmon, lightsalmon');
INSERT INTO tabla_general_colores (id, nombre, j1, j2, j3, j4, j5, j6, j7, j8, j10, j11, j12, j13, j14, j15, j16, j17, j9) VALUES (3, 'Rafa', 'lightsalmon, lightgreen, lightgreen, lightgreen, lightgreen, lightgreen, lightgreen, lightsalmon, lightsalmon, lightsalmon, lightsalmon', 'lightsalmon, lightsalmon, lightsalmon, lightgreen, aquamarine, lightsalmon, lightgreen, lightsalmon, lightsalmon, lightgreen, lightsalmon', 'lightsalmon, lightsalmon, lightgreen, lightgreen, lightgreen, lightsalmon, lightsalmon, lightsalmon, lightsalmon, lightsalmon, lightsalmon', 'lightsalmon, lightsalmon, lightsalmon, lightsalmon, lightsalmon, lightsalmon, lightsalmon, lightsalmon, lightsalmon, lightsalmon, lightsalmon', 'lightsalmon, lightsalmon, lightsalmon, lightsalmon, lightsalmon, lightsalmon, lightsalmon, lightsalmon, lightsalmon, lightsalmon, lightsalmon', 'lightsalmon, lightsalmon, lightsalmon, lightsalmon, lightsalmon, lightsalmon, lightsalmon, lightsalmon, lightsalmon, lightsalmon, lightsalmon', 'lightsalmon, lightsalmon, lightsalmon, lightsalmon, lightsalmon, lightsalmon, lightsalmon, lightsalmon, lightsalmon, lightsalmon, lightsalmon', 'lightsalmon, lightsalmon, lightsalmon, lightsalmon, lightsalmon, lightsalmon, lightsalmon, lightsalmon, lightsalmon, lightsalmon, lightsalmon', 'lightsalmon, lightsalmon, lightsalmon, lightsalmon, lightsalmon, lightsalmon, lightsalmon, lightsalmon, lightsalmon, lightsalmon, lightsalmon', 'lightsalmon, lightsalmon, lightsalmon, lightsalmon, lightsalmon, lightsalmon, lightsalmon, lightsalmon, lightsalmon, lightsalmon, lightsalmon', 'lightsalmon, lightsalmon, lightsalmon, lightsalmon, lightsalmon, lightsalmon, lightsalmon, lightsalmon, lightsalmon, lightsalmon, lightsalmon', 'lightsalmon, lightsalmon, lightsalmon, lightsalmon, lightsalmon, lightsalmon, lightsalmon, lightsalmon, lightsalmon, lightsalmon, lightsalmon', 'lightsalmon, lightsalmon, lightsalmon, lightsalmon, lightsalmon, lightsalmon, lightsalmon, lightsalmon, lightsalmon, lightsalmon, lightsalmon', 'lightsalmon, lightsalmon, lightsalmon, lightsalmon, lightsalmon, lightsalmon, lightsalmon, lightsalmon, lightsalmon, lightsalmon, lightsalmon', 'lightsalmon, lightsalmon, lightsalmon, lightsalmon, lightsalmon, lightsalmon, lightsalmon, lightsalmon, lightsalmon, lightsalmon, lightsalmon', 'lightsalmon, lightsalmon, lightsalmon, lightsalmon, lightsalmon, lightsalmon, lightsalmon, lightsalmon, lightsalmon, lightsalmon, lightsalmon', 'lightsalmon, lightsalmon, lightsalmon, lightsalmon, lightsalmon, lightsalmon, lightsalmon, lightsalmon, lightsalmon, lightsalmon, lightsalmon');
INSERT INTO tabla_general_colores (id, nombre, j1, j2, j3, j4, j5, j6, j7, j8, j10, j11, j12, j13, j14, j15, j16, j17, j9) VALUES (4, 'Juan Luis', 'lightsalmon, lightgreen, lightsalmon, lightsalmon, lightgreen, lightgreen, lightgreen, lightsalmon, lightgreen, lightsalmon, lightsalmon', 'lightsalmon, lightsalmon, lightsalmon, lightgreen, lightgreen, lightgreen, lightgreen, lightgreen, lightsalmon, lightgreen, lightsalmon', 'lightsalmon, lightsalmon, lightgreen, lightgreen, lightgreen, lightsalmon, lightgreen, lightsalmon, lightsalmon, lightsalmon, lightsalmon', 'lightsalmon, lightsalmon, lightsalmon, lightsalmon, lightsalmon, lightsalmon, lightsalmon, lightsalmon, lightsalmon, lightsalmon, lightsalmon', 'lightsalmon, lightsalmon, lightsalmon, lightsalmon, lightsalmon, lightsalmon, lightsalmon, lightsalmon, lightsalmon, lightsalmon, lightsalmon', 'lightsalmon, lightsalmon, lightsalmon, lightsalmon, lightsalmon, lightsalmon, lightsalmon, lightsalmon, lightsalmon, lightsalmon, lightsalmon', 'lightsalmon, lightsalmon, lightsalmon, lightsalmon, lightsalmon, lightsalmon, lightsalmon, lightsalmon, lightsalmon, lightsalmon, lightsalmon', 'lightsalmon, lightsalmon, lightsalmon, lightsalmon, lightsalmon, lightsalmon, lightsalmon, lightsalmon, lightsalmon, lightsalmon, lightsalmon', 'lightsalmon, lightsalmon, lightsalmon, lightsalmon, lightsalmon, lightsalmon, lightsalmon, lightsalmon, lightsalmon, lightsalmon, lightsalmon', 'lightsalmon, lightsalmon, lightsalmon, lightsalmon, lightsalmon, lightsalmon, lightsalmon, lightsalmon, lightsalmon, lightsalmon, lightsalmon', 'lightsalmon, lightsalmon, lightsalmon, lightsalmon, lightsalmon, lightsalmon, lightsalmon, lightsalmon, lightsalmon, lightsalmon, lightsalmon', 'lightsalmon, lightsalmon, lightsalmon, lightsalmon, lightsalmon, lightsalmon, lightsalmon, lightsalmon, lightsalmon, lightsalmon, lightsalmon', 'lightsalmon, lightsalmon, lightsalmon, lightsalmon, lightsalmon, lightsalmon, lightsalmon, lightsalmon, lightsalmon, lightsalmon, lightsalmon', 'lightsalmon, lightsalmon, lightsalmon, lightsalmon, lightsalmon, lightsalmon, lightsalmon, lightsalmon, lightsalmon, lightsalmon, lightsalmon', 'lightsalmon, lightsalmon, lightsalmon, lightsalmon, lightsalmon, lightsalmon, lightsalmon, lightsalmon, lightsalmon, lightsalmon, lightsalmon', 'lightsalmon, lightsalmon, lightsalmon, lightsalmon, lightsalmon, lightsalmon, lightsalmon, lightsalmon, lightsalmon, lightsalmon, lightsalmon', 'lightsalmon, lightsalmon, lightsalmon, lightsalmon, lightsalmon, lightsalmon, lightsalmon, lightsalmon, lightsalmon, lightsalmon, lightsalmon');
INSERT INTO tabla_general_colores (id, nombre, j1, j2, j3, j4, j5, j6, j7, j8, j10, j11, j12, j13, j14, j15, j16, j17, j9) VALUES (5, 'Luis Angel', 'lightsalmon, lightsalmon, lightsalmon, lightsalmon, lightgreen, lightgreen, lightgreen, lightsalmon, lightgreen, lightsalmon, lightsalmon', 'lightsalmon, lightsalmon, lightsalmon, lightgreen, lightsalmon, lightsalmon, lightsalmon, lightsalmon, lightsalmon, lightgreen, lightgreen', 'lightsalmon, lightsalmon, lightgreen, lightgreen, lightgreen, lightsalmon, lightgreen, lightgreen, lightgreen, lightsalmon, lightsalmon', 'lightsalmon, lightsalmon, lightsalmon, lightsalmon, lightsalmon, lightsalmon, lightsalmon, lightsalmon, lightsalmon, lightsalmon, lightsalmon', 'lightsalmon, lightsalmon, lightsalmon, lightsalmon, lightsalmon, lightsalmon, lightsalmon, lightsalmon, lightsalmon, lightsalmon, lightsalmon', 'lightsalmon, lightsalmon, lightsalmon, lightsalmon, lightsalmon, lightsalmon, lightsalmon, lightsalmon, lightsalmon, lightsalmon, lightsalmon', 'lightsalmon, lightsalmon, lightsalmon, lightsalmon, lightsalmon, lightsalmon, lightsalmon, lightsalmon, lightsalmon, lightsalmon, lightsalmon', 'lightsalmon, lightsalmon, lightsalmon, lightsalmon, lightsalmon, lightsalmon, lightsalmon, lightsalmon, lightsalmon, lightsalmon, lightsalmon', 'lightsalmon, lightsalmon, lightsalmon, lightsalmon, lightsalmon, lightsalmon, lightsalmon, lightsalmon, lightsalmon, lightsalmon, lightsalmon', 'lightsalmon, lightsalmon, lightsalmon, lightsalmon, lightsalmon, lightsalmon, lightsalmon, lightsalmon, lightsalmon, lightsalmon, lightsalmon', 'lightsalmon, lightsalmon, lightsalmon, lightsalmon, lightsalmon, lightsalmon, lightsalmon, lightsalmon, lightsalmon, lightsalmon, lightsalmon', 'lightsalmon, lightsalmon, lightsalmon, lightsalmon, lightsalmon, lightsalmon, lightsalmon, lightsalmon, lightsalmon, lightsalmon, lightsalmon', 'lightsalmon, lightsalmon, lightsalmon, lightsalmon, lightsalmon, lightsalmon, lightsalmon, lightsalmon, lightsalmon, lightsalmon, lightsalmon', 'lightsalmon, lightsalmon, lightsalmon, lightsalmon, lightsalmon, lightsalmon, lightsalmon, lightsalmon, lightsalmon, lightsalmon, lightsalmon', 'lightsalmon, lightsalmon, lightsalmon, lightsalmon, lightsalmon, lightsalmon, lightsalmon, lightsalmon, lightsalmon, lightsalmon, lightsalmon', 'lightsalmon, lightsalmon, lightsalmon, lightsalmon, lightsalmon, lightsalmon, lightsalmon, lightsalmon, lightsalmon, lightsalmon, lightsalmon', 'lightsalmon, lightsalmon, lightsalmon, lightsalmon, lightsalmon, lightsalmon, lightsalmon, lightsalmon, lightsalmon, lightsalmon, lightsalmon');
INSERT INTO tabla_general_colores (id, nombre, j1, j2, j3, j4, j5, j6, j7, j8, j10, j11, j12, j13, j14, j15, j16, j17, j9) VALUES (6, 'Horacio', 'lightsalmon, lightsalmon, lightsalmon, lightsalmon, lightgreen, lightgreen, lightgreen, lightsalmon, lightsalmon, lightgreen, lightsalmon', 'lightgreen, lightgreen, lightsalmon, lightgreen, lightgreen, lightsalmon, lightgreen, lightsalmon, lightsalmon, lightsalmon, lightgreen', 'lightgreen, lightgreen, lightgreen, lightgreen, lightgreen, lightsalmon, lightgreen, lightgreen, lightsalmon, lightgreen, lightsalmon', 'lightsalmon, lightsalmon, lightsalmon, lightsalmon, lightsalmon, lightsalmon, lightsalmon, lightsalmon, lightsalmon, lightsalmon, lightsalmon', 'lightsalmon, lightsalmon, lightsalmon, lightsalmon, lightsalmon, lightsalmon, lightsalmon, lightsalmon, lightsalmon, lightsalmon, lightsalmon', 'lightsalmon, lightsalmon, lightsalmon, lightsalmon, lightsalmon, lightsalmon, lightsalmon, lightsalmon, lightsalmon, lightsalmon, lightsalmon', 'lightsalmon, lightsalmon, lightsalmon, lightsalmon, lightsalmon, lightsalmon, lightsalmon, lightsalmon, lightsalmon, lightsalmon, lightsalmon', 'lightsalmon, lightsalmon, lightsalmon, lightsalmon, lightsalmon, lightsalmon, lightsalmon, lightsalmon, lightsalmon, lightsalmon, lightsalmon', 'lightsalmon, lightsalmon, lightsalmon, lightsalmon, lightsalmon, lightsalmon, lightsalmon, lightsalmon, lightsalmon, lightsalmon, lightsalmon', 'lightsalmon, lightsalmon, lightsalmon, lightsalmon, lightsalmon, lightsalmon, lightsalmon, lightsalmon, lightsalmon, lightsalmon, lightsalmon', 'lightsalmon, lightsalmon, lightsalmon, lightsalmon, lightsalmon, lightsalmon, lightsalmon, lightsalmon, lightsalmon, lightsalmon, lightsalmon', 'lightsalmon, lightsalmon, lightsalmon, lightsalmon, lightsalmon, lightsalmon, lightsalmon, lightsalmon, lightsalmon, lightsalmon, lightsalmon', 'lightsalmon, lightsalmon, lightsalmon, lightsalmon, lightsalmon, lightsalmon, lightsalmon, lightsalmon, lightsalmon, lightsalmon, lightsalmon', 'lightsalmon, lightsalmon, lightsalmon, lightsalmon, lightsalmon, lightsalmon, lightsalmon, lightsalmon, lightsalmon, lightsalmon, lightsalmon', 'lightsalmon, lightsalmon, lightsalmon, lightsalmon, lightsalmon, lightsalmon, lightsalmon, lightsalmon, lightsalmon, lightsalmon, lightsalmon', 'lightsalmon, lightsalmon, lightsalmon, lightsalmon, lightsalmon, lightsalmon, lightsalmon, lightsalmon, lightsalmon, lightsalmon, lightsalmon', 'lightsalmon, lightsalmon, lightsalmon, lightsalmon, lightsalmon, lightsalmon, lightsalmon, lightsalmon, lightsalmon, lightsalmon, lightsalmon');
INSERT INTO tabla_general_colores (id, nombre, j1, j2, j3, j4, j5, j6, j7, j8, j10, j11, j12, j13, j14, j15, j16, j17, j9) VALUES (7, 'Jorge', 'lightgreen, lightgreen, lightgreen, lightgreen, lightgreen, lightsalmon, lightgreen, lightsalmon, lightsalmon, lightsalmon, lightsalmon', 'lightsalmon, lightgreen, lightgreen, lightgreen, lightgreen, lightgreen, lightgreen, lightgreen, lightsalmon, lightgreen, lightsalmon', 'lightsalmon, lightsalmon, lightgreen, lightgreen, lightsalmon, lightsalmon, lightgreen, lightsalmon, lightsalmon, lightgreen, lightsalmon', 'lightsalmon, lightsalmon, lightsalmon, lightsalmon, lightsalmon, lightsalmon, lightsalmon, lightsalmon, lightsalmon, lightsalmon, lightsalmon', 'lightsalmon, lightsalmon, lightsalmon, lightsalmon, lightsalmon, lightsalmon, lightsalmon, lightsalmon, lightsalmon, lightsalmon, lightsalmon', 'lightsalmon, lightsalmon, lightsalmon, lightsalmon, lightsalmon, lightsalmon, lightsalmon, lightsalmon, lightsalmon, lightsalmon, lightsalmon', 'lightsalmon, lightsalmon, lightsalmon, lightsalmon, lightsalmon, lightsalmon, lightsalmon, lightsalmon, lightsalmon, lightsalmon, lightsalmon', 'lightsalmon, lightsalmon, lightsalmon, lightsalmon, lightsalmon, lightsalmon, lightsalmon, lightsalmon, lightsalmon, lightsalmon, lightsalmon', 'lightsalmon, lightsalmon, lightsalmon, lightsalmon, lightsalmon, lightsalmon, lightsalmon, lightsalmon, lightsalmon, lightsalmon, lightsalmon', 'lightsalmon, lightsalmon, lightsalmon, lightsalmon, lightsalmon, lightsalmon, lightsalmon, lightsalmon, lightsalmon, lightsalmon, lightsalmon', 'lightsalmon, lightsalmon, lightsalmon, lightsalmon, lightsalmon, lightsalmon, lightsalmon, lightsalmon, lightsalmon, lightsalmon, lightsalmon', 'lightsalmon, lightsalmon, lightsalmon, lightsalmon, lightsalmon, lightsalmon, lightsalmon, lightsalmon, lightsalmon, lightsalmon, lightsalmon', 'lightsalmon, lightsalmon, lightsalmon, lightsalmon, lightsalmon, lightsalmon, lightsalmon, lightsalmon, lightsalmon, lightsalmon, lightsalmon', 'lightsalmon, lightsalmon, lightsalmon, lightsalmon, lightsalmon, lightsalmon, lightsalmon, lightsalmon, lightsalmon, lightsalmon, lightsalmon', 'lightsalmon, lightsalmon, lightsalmon, lightsalmon, lightsalmon, lightsalmon, lightsalmon, lightsalmon, lightsalmon, lightsalmon, lightsalmon', 'lightsalmon, lightsalmon, lightsalmon, lightsalmon, lightsalmon, lightsalmon, lightsalmon, lightsalmon, lightsalmon, lightsalmon, lightsalmon', 'lightsalmon, lightsalmon, lightsalmon, lightsalmon, lightsalmon, lightsalmon, lightsalmon, lightsalmon, lightsalmon, lightsalmon, lightsalmon');
INSERT INTO tabla_general_colores (id, nombre, j1, j2, j3, j4, j5, j6, j7, j8, j10, j11, j12, j13, j14, j15, j16, j17, j9) VALUES (8, 'Leo', 'lightsalmon, aquamarine, lightsalmon, lightsalmon, lightgreen, aquamarine, lightgreen, lightsalmon, lightgreen, lightsalmon, lightsalmon', 'lightsalmon, lightsalmon, lightsalmon, lightgreen, lightgreen, lightsalmon, lightgreen, lightgreen, lightsalmon, lightgreen, lightgreen', 'lightsalmon, lightsalmon, lightgreen, lightgreen, lightgreen, lightsalmon, lightgreen, lightgreen, lightsalmon, lightsalmon, lightsalmon', 'lightsalmon, lightsalmon, lightsalmon, lightsalmon, lightsalmon, lightsalmon, lightsalmon, lightsalmon, lightsalmon, lightsalmon, lightsalmon', 'lightsalmon, lightsalmon, lightsalmon, lightsalmon, lightsalmon, lightsalmon, lightsalmon, lightsalmon, lightsalmon, lightsalmon, lightsalmon', 'lightsalmon, lightsalmon, lightsalmon, lightsalmon, lightsalmon, lightsalmon, lightsalmon, lightsalmon, lightsalmon, lightsalmon, lightsalmon', 'lightsalmon, lightsalmon, lightsalmon, lightsalmon, lightsalmon, lightsalmon, lightsalmon, lightsalmon, lightsalmon, lightsalmon, lightsalmon', 'lightsalmon, lightsalmon, lightsalmon, lightsalmon, lightsalmon, lightsalmon, lightsalmon, lightsalmon, lightsalmon, lightsalmon, lightsalmon', 'lightsalmon, lightsalmon, lightsalmon, lightsalmon, lightsalmon, lightsalmon, lightsalmon, lightsalmon, lightsalmon, lightsalmon, lightsalmon', 'lightsalmon, lightsalmon, lightsalmon, lightsalmon, lightsalmon, lightsalmon, lightsalmon, lightsalmon, lightsalmon, lightsalmon, lightsalmon', 'lightsalmon, lightsalmon, lightsalmon, lightsalmon, lightsalmon, lightsalmon, lightsalmon, lightsalmon, lightsalmon, lightsalmon, lightsalmon', 'lightsalmon, lightsalmon, lightsalmon, lightsalmon, lightsalmon, lightsalmon, lightsalmon, lightsalmon, lightsalmon, lightsalmon, lightsalmon', 'lightsalmon, lightsalmon, lightsalmon, lightsalmon, lightsalmon, lightsalmon, lightsalmon, lightsalmon, lightsalmon, lightsalmon, lightsalmon', 'lightsalmon, lightsalmon, lightsalmon, lightsalmon, lightsalmon, lightsalmon, lightsalmon, lightsalmon, lightsalmon, lightsalmon, lightsalmon', 'lightsalmon, lightsalmon, lightsalmon, lightsalmon, lightsalmon, lightsalmon, lightsalmon, lightsalmon, lightsalmon, lightsalmon, lightsalmon', 'lightsalmon, lightsalmon, lightsalmon, lightsalmon, lightsalmon, lightsalmon, lightsalmon, lightsalmon, lightsalmon, lightsalmon, lightsalmon', 'lightsalmon, lightsalmon, lightsalmon, lightsalmon, lightsalmon, lightsalmon, lightsalmon, lightsalmon, lightsalmon, lightsalmon, lightsalmon');
INSERT INTO tabla_general_colores (id, nombre, j1, j2, j3, j4, j5, j6, j7, j8, j10, j11, j12, j13, j14, j15, j16, j17, j9) VALUES (9, 'Omar', 'lightgreen, lightsalmon, lightsalmon, lightgreen, lightgreen, lightgreen, lightsalmon, lightgreen, lightgreen, lightgreen, lightsalmon', 'lightsalmon, lightsalmon, lightsalmon, lightgreen, goldenrod, lightsalmon, lightgreen, lightgreen, lightsalmon, lightsalmon, lightsalmon', 'lightsalmon, lightsalmon, lightgreen, lightsalmon, lightgreen, lightsalmon, lightgreen, lightgreen, lightsalmon, lightsalmon, lightsalmon', 'lightsalmon, lightsalmon, lightsalmon, lightsalmon, lightsalmon, lightsalmon, lightsalmon, lightsalmon, lightsalmon, lightsalmon, lightsalmon', 'lightsalmon, lightsalmon, lightsalmon, lightsalmon, lightsalmon, lightsalmon, lightsalmon, lightsalmon, lightsalmon, lightsalmon, lightsalmon', 'lightsalmon, lightsalmon, lightsalmon, lightsalmon, lightsalmon, lightsalmon, lightsalmon, lightsalmon, lightsalmon, lightsalmon, lightsalmon', 'lightsalmon, lightsalmon, lightsalmon, lightsalmon, lightsalmon, lightsalmon, lightsalmon, lightsalmon, lightsalmon, lightsalmon, lightsalmon', 'lightsalmon, lightsalmon, lightsalmon, lightsalmon, lightsalmon, lightsalmon, lightsalmon, lightsalmon, lightsalmon, lightsalmon, lightsalmon', 'lightsalmon, lightsalmon, lightsalmon, lightsalmon, lightsalmon, lightsalmon, lightsalmon, lightsalmon, lightsalmon, lightsalmon, lightsalmon', 'lightsalmon, lightsalmon, lightsalmon, lightsalmon, lightsalmon, lightsalmon, lightsalmon, lightsalmon, lightsalmon, lightsalmon, lightsalmon', 'lightsalmon, lightsalmon, lightsalmon, lightsalmon, lightsalmon, lightsalmon, lightsalmon, lightsalmon, lightsalmon, lightsalmon, lightsalmon', 'lightsalmon, lightsalmon, lightsalmon, lightsalmon, lightsalmon, lightsalmon, lightsalmon, lightsalmon, lightsalmon, lightsalmon, lightsalmon', 'lightsalmon, lightsalmon, lightsalmon, lightsalmon, lightsalmon, lightsalmon, lightsalmon, lightsalmon, lightsalmon, lightsalmon, lightsalmon', 'lightsalmon, lightsalmon, lightsalmon, lightsalmon, lightsalmon, lightsalmon, lightsalmon, lightsalmon, lightsalmon, lightsalmon, lightsalmon', 'lightsalmon, lightsalmon, lightsalmon, lightsalmon, lightsalmon, lightsalmon, lightsalmon, lightsalmon, lightsalmon, lightsalmon, lightsalmon', 'lightsalmon, lightsalmon, lightsalmon, lightsalmon, lightsalmon, lightsalmon, lightsalmon, lightsalmon, lightsalmon, lightsalmon, lightsalmon', 'lightsalmon, lightsalmon, lightsalmon, lightsalmon, lightsalmon, lightsalmon, lightsalmon, lightsalmon, lightsalmon, lightsalmon, lightsalmon');
INSERT INTO tabla_general_colores (id, nombre, j1, j2, j3, j4, j5, j6, j7, j8, j10, j11, j12, j13, j14, j15, j16, j17, j9) VALUES (10, 'Alfonso', 'lightgreen, lightgreen, lightsalmon, lightsalmon, lightgreen, lightgreen, lightsalmon, lightgreen, lightgreen, lightsalmon, lightgreen', 'lightsalmon, lightsalmon, lightgreen, lightgreen, lightsalmon, lightsalmon, lightsalmon, lightgreen, lightsalmon, lightgreen, lightgreen', 'lightsalmon, lightsalmon, lightsalmon, lightgreen, lightgreen, lightsalmon, lightsalmon, lightsalmon, lightsalmon, lightgreen, lightsalmon', 'lightsalmon, lightsalmon, lightsalmon, lightsalmon, lightsalmon, lightsalmon, lightsalmon, lightsalmon, lightsalmon, lightsalmon, lightsalmon', 'lightsalmon, lightsalmon, lightsalmon, lightsalmon, lightsalmon, lightsalmon, lightsalmon, lightsalmon, lightsalmon, lightsalmon, lightsalmon', 'lightsalmon, lightsalmon, lightsalmon, lightsalmon, lightsalmon, lightsalmon, lightsalmon, lightsalmon, lightsalmon, lightsalmon, lightsalmon', 'lightsalmon, lightsalmon, lightsalmon, lightsalmon, lightsalmon, lightsalmon, lightsalmon, lightsalmon, lightsalmon, lightsalmon, lightsalmon', 'lightsalmon, lightsalmon, lightsalmon, lightsalmon, lightsalmon, lightsalmon, lightsalmon, lightsalmon, lightsalmon, lightsalmon, lightsalmon', 'lightsalmon, lightsalmon, lightsalmon, lightsalmon, lightsalmon, lightsalmon, lightsalmon, lightsalmon, lightsalmon, lightsalmon, lightsalmon', 'lightsalmon, lightsalmon, lightsalmon, lightsalmon, lightsalmon, lightsalmon, lightsalmon, lightsalmon, lightsalmon, lightsalmon, lightsalmon', 'lightsalmon, lightsalmon, lightsalmon, lightsalmon, lightsalmon, lightsalmon, lightsalmon, lightsalmon, lightsalmon, lightsalmon, lightsalmon', 'lightsalmon, lightsalmon, lightsalmon, lightsalmon, lightsalmon, lightsalmon, lightsalmon, lightsalmon, lightsalmon, lightsalmon, lightsalmon', 'lightsalmon, lightsalmon, lightsalmon, lightsalmon, lightsalmon, lightsalmon, lightsalmon, lightsalmon, lightsalmon, lightsalmon, lightsalmon', 'lightsalmon, lightsalmon, lightsalmon, lightsalmon, lightsalmon, lightsalmon, lightsalmon, lightsalmon, lightsalmon, lightsalmon, lightsalmon', 'lightsalmon, lightsalmon, lightsalmon, lightsalmon, lightsalmon, lightsalmon, lightsalmon, lightsalmon, lightsalmon, lightsalmon, lightsalmon', 'lightsalmon, lightsalmon, lightsalmon, lightsalmon, lightsalmon, lightsalmon, lightsalmon, lightsalmon, lightsalmon, lightsalmon, lightsalmon', 'lightsalmon, lightsalmon, lightsalmon, lightsalmon, lightsalmon, lightsalmon, lightsalmon, lightsalmon, lightsalmon, lightsalmon, lightsalmon');
INSERT INTO tabla_general_colores (id, nombre, j1, j2, j3, j4, j5, j6, j7, j8, j10, j11, j12, j13, j14, j15, j16, j17, j9) VALUES (11, 'Hector', 'lightgreen, lightgreen, lightgreen, lightsalmon, lightsalmon, lightgreen, lightgreen, lightgreen, lightgreen, lightsalmon, lightsalmon', 'lightsalmon, lightsalmon, lightgreen, lightgreen, goldenrod, lightsalmon, lightsalmon, lightsalmon, lightsalmon, lightgreen, lightsalmon', 'lightgreen, lightsalmon, lightgreen, lightgreen, lightgreen, lightsalmon, lightgreen, lightsalmon, lightsalmon, lightsalmon, lightgreen', 'lightsalmon, lightsalmon, lightsalmon, lightsalmon, lightsalmon, lightsalmon, lightsalmon, lightsalmon, lightsalmon, lightsalmon, lightsalmon', 'lightsalmon, lightsalmon, lightsalmon, lightsalmon, lightsalmon, lightsalmon, lightsalmon, lightsalmon, lightsalmon, lightsalmon, lightsalmon', 'lightsalmon, lightsalmon, lightsalmon, lightsalmon, lightsalmon, lightsalmon, lightsalmon, lightsalmon, lightsalmon, lightsalmon, lightsalmon', 'lightsalmon, lightsalmon, lightsalmon, lightsalmon, lightsalmon, lightsalmon, lightsalmon, lightsalmon, lightsalmon, lightsalmon, lightsalmon', 'lightsalmon, lightsalmon, lightsalmon, lightsalmon, lightsalmon, lightsalmon, lightsalmon, lightsalmon, lightsalmon, lightsalmon, lightsalmon', 'lightsalmon, lightsalmon, lightsalmon, lightsalmon, lightsalmon, lightsalmon, lightsalmon, lightsalmon, lightsalmon, lightsalmon, lightsalmon', 'lightsalmon, lightsalmon, lightsalmon, lightsalmon, lightsalmon, lightsalmon, lightsalmon, lightsalmon, lightsalmon, lightsalmon, lightsalmon', 'lightsalmon, lightsalmon, lightsalmon, lightsalmon, lightsalmon, lightsalmon, lightsalmon, lightsalmon, lightsalmon, lightsalmon, lightsalmon', 'lightsalmon, lightsalmon, lightsalmon, lightsalmon, lightsalmon, lightsalmon, lightsalmon, lightsalmon, lightsalmon, lightsalmon, lightsalmon', 'lightsalmon, lightsalmon, lightsalmon, lightsalmon, lightsalmon, lightsalmon, lightsalmon, lightsalmon, lightsalmon, lightsalmon, lightsalmon', 'lightsalmon, lightsalmon, lightsalmon, lightsalmon, lightsalmon, lightsalmon, lightsalmon, lightsalmon, lightsalmon, lightsalmon, lightsalmon', 'lightsalmon, lightsalmon, lightsalmon, lightsalmon, lightsalmon, lightsalmon, lightsalmon, lightsalmon, lightsalmon, lightsalmon, lightsalmon', 'lightsalmon, lightsalmon, lightsalmon, lightsalmon, lightsalmon, lightsalmon, lightsalmon, lightsalmon, lightsalmon, lightsalmon, lightsalmon', 'lightsalmon, lightsalmon, lightsalmon, lightsalmon, lightsalmon, lightsalmon, lightsalmon, lightsalmon, lightsalmon, lightsalmon, lightsalmon');
INSERT INTO tabla_general_colores (id, nombre, j1, j2, j3, j4, j5, j6, j7, j8, j10, j11, j12, j13, j14, j15, j16, j17, j9) VALUES (12, 'Erick', 'lightsalmon, lightgreen, lightgreen, lightsalmon, lightgreen, lightgreen, lightsalmon, lightsalmon, lightsalmon, lightsalmon, lightsalmon', 'lightsalmon, lightsalmon, lightsalmon, lightgreen, lightgreen, lightgreen, lightgreen, lightgreen, lightsalmon, lightgreen, lightgreen', 'lightgreen, lightsalmon, lightgreen, lightgreen, lightgreen, lightsalmon, lightsalmon, lightgreen, lightsalmon, lightsalmon, lightsalmon', 'lightsalmon, lightsalmon, lightsalmon, lightsalmon, lightsalmon, lightsalmon, lightsalmon, lightsalmon, lightsalmon, lightsalmon, lightsalmon', 'lightsalmon, lightsalmon, lightsalmon, lightsalmon, lightsalmon, lightsalmon, lightsalmon, lightsalmon, lightsalmon, lightsalmon, lightsalmon', 'lightsalmon, lightsalmon, lightsalmon, lightsalmon, lightsalmon, lightsalmon, lightsalmon, lightsalmon, lightsalmon, lightsalmon, lightsalmon', 'lightsalmon, lightsalmon, lightsalmon, lightsalmon, lightsalmon, lightsalmon, lightsalmon, lightsalmon, lightsalmon, lightsalmon, lightsalmon', 'lightsalmon, lightsalmon, lightsalmon, lightsalmon, lightsalmon, lightsalmon, lightsalmon, lightsalmon, lightsalmon, lightsalmon, lightsalmon', 'lightsalmon, lightsalmon, lightsalmon, lightsalmon, lightsalmon, lightsalmon, lightsalmon, lightsalmon, lightsalmon, lightsalmon, lightsalmon', 'lightsalmon, lightsalmon, lightsalmon, lightsalmon, lightsalmon, lightsalmon, lightsalmon, lightsalmon, lightsalmon, lightsalmon, lightsalmon', 'lightsalmon, lightsalmon, lightsalmon, lightsalmon, lightsalmon, lightsalmon, lightsalmon, lightsalmon, lightsalmon, lightsalmon, lightsalmon', 'lightsalmon, lightsalmon, lightsalmon, lightsalmon, lightsalmon, lightsalmon, lightsalmon, lightsalmon, lightsalmon, lightsalmon, lightsalmon', 'lightsalmon, lightsalmon, lightsalmon, lightsalmon, lightsalmon, lightsalmon, lightsalmon, lightsalmon, lightsalmon, lightsalmon, lightsalmon', 'lightsalmon, lightsalmon, lightsalmon, lightsalmon, lightsalmon, lightsalmon, lightsalmon, lightsalmon, lightsalmon, lightsalmon, lightsalmon', 'lightsalmon, lightsalmon, lightsalmon, lightsalmon, lightsalmon, lightsalmon, lightsalmon, lightsalmon, lightsalmon, lightsalmon, lightsalmon', 'lightsalmon, lightsalmon, lightsalmon, lightsalmon, lightsalmon, lightsalmon, lightsalmon, lightsalmon, lightsalmon, lightsalmon, lightsalmon', 'lightsalmon, lightsalmon, lightsalmon, lightsalmon, lightsalmon, lightsalmon, lightsalmon, lightsalmon, lightsalmon, lightsalmon, lightsalmon');
INSERT INTO tabla_general_colores (id, nombre, j1, j2, j3, j4, j5, j6, j7, j8, j10, j11, j12, j13, j14, j15, j16, j17, j9) VALUES (13, 'Saem', 'lightsalmon, lightsalmon, lightsalmon, lightsalmon, lightgreen, lightgreen, lightgreen, lightsalmon, lightgreen, lightsalmon, lightsalmon', 'lightsalmon, lightgreen, lightsalmon, lightgreen, lightsalmon, lightsalmon, lightsalmon, lightgreen, lightsalmon, lightsalmon, lightsalmon', 'lightsalmon, lightgreen, lightgreen, lightgreen, lightgreen, lightsalmon, lightsalmon, lightgreen, lightsalmon, lightsalmon, lightsalmon', 'lightsalmon, lightsalmon, lightsalmon, lightsalmon, lightsalmon, lightsalmon, lightsalmon, lightsalmon, lightsalmon, lightsalmon, lightsalmon', 'lightsalmon, lightsalmon, lightsalmon, lightsalmon, lightsalmon, lightsalmon, lightsalmon, lightsalmon, lightsalmon, lightsalmon, lightsalmon', 'lightsalmon, lightsalmon, lightsalmon, lightsalmon, lightsalmon, lightsalmon, lightsalmon, lightsalmon, lightsalmon, lightsalmon, lightsalmon', 'lightsalmon, lightsalmon, lightsalmon, lightsalmon, lightsalmon, lightsalmon, lightsalmon, lightsalmon, lightsalmon, lightsalmon, lightsalmon', 'lightsalmon, lightsalmon, lightsalmon, lightsalmon, lightsalmon, lightsalmon, lightsalmon, lightsalmon, lightsalmon, lightsalmon, lightsalmon', 'lightsalmon, lightsalmon, lightsalmon, lightsalmon, lightsalmon, lightsalmon, lightsalmon, lightsalmon, lightsalmon, lightsalmon, lightsalmon', 'lightsalmon, lightsalmon, lightsalmon, lightsalmon, lightsalmon, lightsalmon, lightsalmon, lightsalmon, lightsalmon, lightsalmon, lightsalmon', 'lightsalmon, lightsalmon, lightsalmon, lightsalmon, lightsalmon, lightsalmon, lightsalmon, lightsalmon, lightsalmon, lightsalmon, lightsalmon', 'lightsalmon, lightsalmon, lightsalmon, lightsalmon, lightsalmon, lightsalmon, lightsalmon, lightsalmon, lightsalmon, lightsalmon, lightsalmon', 'lightsalmon, lightsalmon, lightsalmon, lightsalmon, lightsalmon, lightsalmon, lightsalmon, lightsalmon, lightsalmon, lightsalmon, lightsalmon', 'lightsalmon, lightsalmon, lightsalmon, lightsalmon, lightsalmon, lightsalmon, lightsalmon, lightsalmon, lightsalmon, lightsalmon, lightsalmon', 'lightsalmon, lightsalmon, lightsalmon, lightsalmon, lightsalmon, lightsalmon, lightsalmon, lightsalmon, lightsalmon, lightsalmon, lightsalmon', 'lightsalmon, lightsalmon, lightsalmon, lightsalmon, lightsalmon, lightsalmon, lightsalmon, lightsalmon, lightsalmon, lightsalmon, lightsalmon', 'lightsalmon, lightsalmon, lightsalmon, lightsalmon, lightsalmon, lightsalmon, lightsalmon, lightsalmon, lightsalmon, lightsalmon, lightsalmon');
INSERT INTO tabla_general_colores (id, nombre, j1, j2, j3, j4, j5, j6, j7, j8, j10, j11, j12, j13, j14, j15, j16, j17, j9) VALUES (14, 'Manuel', 'lightsalmon, aquamarine, lightgreen, lightsalmon, lightgreen, aquamarine, lightsalmon, lightgreen, lightgreen, lightsalmon, lightsalmon', 'lightgreen, lightgreen, lightsalmon, lightgreen, lightgreen, lightsalmon, lightsalmon, lightgreen, lightsalmon, lightgreen, lightsalmon', 'lightsalmon, lightsalmon, lightgreen, lightsalmon, lightgreen, lightsalmon, lightgreen, lightgreen, lightsalmon, lightsalmon, lightsalmon', 'lightsalmon, lightsalmon, lightsalmon, lightsalmon, lightsalmon, lightsalmon, lightsalmon, lightsalmon, lightsalmon, lightsalmon, lightsalmon', 'lightsalmon, lightsalmon, lightsalmon, lightsalmon, lightsalmon, lightsalmon, lightsalmon, lightsalmon, lightsalmon, lightsalmon, lightsalmon', 'lightsalmon, lightsalmon, lightsalmon, lightsalmon, lightsalmon, lightsalmon, lightsalmon, lightsalmon, lightsalmon, lightsalmon, lightsalmon', 'lightsalmon, lightsalmon, lightsalmon, lightsalmon, lightsalmon, lightsalmon, lightsalmon, lightsalmon, lightsalmon, lightsalmon, lightsalmon', 'lightsalmon, lightsalmon, lightsalmon, lightsalmon, lightsalmon, lightsalmon, lightsalmon, lightsalmon, lightsalmon, lightsalmon, lightsalmon', 'lightsalmon, lightsalmon, lightsalmon, lightsalmon, lightsalmon, lightsalmon, lightsalmon, lightsalmon, lightsalmon, lightsalmon, lightsalmon', 'lightsalmon, lightsalmon, lightsalmon, lightsalmon, lightsalmon, lightsalmon, lightsalmon, lightsalmon, lightsalmon, lightsalmon, lightsalmon', 'lightsalmon, lightsalmon, lightsalmon, lightsalmon, lightsalmon, lightsalmon, lightsalmon, lightsalmon, lightsalmon, lightsalmon, lightsalmon', 'lightsalmon, lightsalmon, lightsalmon, lightsalmon, lightsalmon, lightsalmon, lightsalmon, lightsalmon, lightsalmon, lightsalmon, lightsalmon', 'lightsalmon, lightsalmon, lightsalmon, lightsalmon, lightsalmon, lightsalmon, lightsalmon, lightsalmon, lightsalmon, lightsalmon, lightsalmon', 'lightsalmon, lightsalmon, lightsalmon, lightsalmon, lightsalmon, lightsalmon, lightsalmon, lightsalmon, lightsalmon, lightsalmon, lightsalmon', 'lightsalmon, lightsalmon, lightsalmon, lightsalmon, lightsalmon, lightsalmon, lightsalmon, lightsalmon, lightsalmon, lightsalmon, lightsalmon', 'lightsalmon, lightsalmon, lightsalmon, lightsalmon, lightsalmon, lightsalmon, lightsalmon, lightsalmon, lightsalmon, lightsalmon, lightsalmon', 'lightsalmon, lightsalmon, lightsalmon, lightsalmon, lightsalmon, lightsalmon, lightsalmon, lightsalmon, lightsalmon, lightsalmon, lightsalmon');
INSERT INTO tabla_general_colores (id, nombre, j1, j2, j3, j4, j5, j6, j7, j8, j10, j11, j12, j13, j14, j15, j16, j17, j9) VALUES (15, 'Miguel', 'lightsalmon, lightsalmon, lightsalmon, lightsalmon, lightgreen, lightgreen, lightgreen, lightsalmon, lightgreen, lightsalmon, lightsalmon', 'lightsalmon, lightsalmon, lightsalmon, lightsalmon, lightsalmon, lightsalmon, lightsalmon, lightsalmon, lightsalmon, lightsalmon, lightsalmon', 'lightsalmon, lightsalmon, lightgreen, lightgreen, lightsalmon, lightsalmon, lightgreen, lightsalmon, lightsalmon, lightsalmon, lightsalmon', 'lightsalmon, lightsalmon, lightsalmon, lightsalmon, lightsalmon, lightsalmon, lightsalmon, lightsalmon, lightsalmon, lightsalmon, lightsalmon', 'lightsalmon, lightsalmon, lightsalmon, lightsalmon, lightsalmon, lightsalmon, lightsalmon, lightsalmon, lightsalmon, lightsalmon, lightsalmon', 'lightsalmon, lightsalmon, lightsalmon, lightsalmon, lightsalmon, lightsalmon, lightsalmon, lightsalmon, lightsalmon, lightsalmon, lightsalmon', 'lightsalmon, lightsalmon, lightsalmon, lightsalmon, lightsalmon, lightsalmon, lightsalmon, lightsalmon, lightsalmon, lightsalmon, lightsalmon', 'lightsalmon, lightsalmon, lightsalmon, lightsalmon, lightsalmon, lightsalmon, lightsalmon, lightsalmon, lightsalmon, lightsalmon, lightsalmon', 'lightsalmon, lightsalmon, lightsalmon, lightsalmon, lightsalmon, lightsalmon, lightsalmon, lightsalmon, lightsalmon, lightsalmon, lightsalmon', 'lightsalmon, lightsalmon, lightsalmon, lightsalmon, lightsalmon, lightsalmon, lightsalmon, lightsalmon, lightsalmon, lightsalmon, lightsalmon', 'lightsalmon, lightsalmon, lightsalmon, lightsalmon, lightsalmon, lightsalmon, lightsalmon, lightsalmon, lightsalmon, lightsalmon, lightsalmon', 'lightsalmon, lightsalmon, lightsalmon, lightsalmon, lightsalmon, lightsalmon, lightsalmon, lightsalmon, lightsalmon, lightsalmon, lightsalmon', 'lightsalmon, lightsalmon, lightsalmon, lightsalmon, lightsalmon, lightsalmon, lightsalmon, lightsalmon, lightsalmon, lightsalmon, lightsalmon', 'lightsalmon, lightsalmon, lightsalmon, lightsalmon, lightsalmon, lightsalmon, lightsalmon, lightsalmon, lightsalmon, lightsalmon, lightsalmon', 'lightsalmon, lightsalmon, lightsalmon, lightsalmon, lightsalmon, lightsalmon, lightsalmon, lightsalmon, lightsalmon, lightsalmon, lightsalmon', 'lightsalmon, lightsalmon, lightsalmon, lightsalmon, lightsalmon, lightsalmon, lightsalmon, lightsalmon, lightsalmon, lightsalmon, lightsalmon', 'lightsalmon, lightsalmon, lightsalmon, lightsalmon, lightsalmon, lightsalmon, lightsalmon, lightsalmon, lightsalmon, lightsalmon, lightsalmon');
INSERT INTO tabla_general_colores (id, nombre, j1, j2, j3, j4, j5, j6, j7, j8, j10, j11, j12, j13, j14, j15, j16, j17, j9) VALUES (16, 'Fernando', 'lightsalmon, lightsalmon, lightsalmon, lightsalmon, lightsalmon, aquamarine, lightgreen, lightsalmon, lightsalmon, lightsalmon, lightsalmon', 'lightgreen, lightsalmon, lightsalmon, lightgreen, lightgreen, lightsalmon, lightgreen, lightsalmon, lightsalmon, lightgreen, lightgreen', 'lightsalmon, lightsalmon, lightsalmon, lightsalmon, lightsalmon, lightsalmon, lightgreen, lightsalmon, lightsalmon, lightsalmon, lightsalmon', 'lightsalmon, lightsalmon, lightsalmon, lightsalmon, lightsalmon, lightsalmon, lightsalmon, lightsalmon, lightsalmon, lightsalmon, lightsalmon', 'lightsalmon, lightsalmon, lightsalmon, lightsalmon, lightsalmon, lightsalmon, lightsalmon, lightsalmon, lightsalmon, lightsalmon, lightsalmon', 'lightsalmon, lightsalmon, lightsalmon, lightsalmon, lightsalmon, lightsalmon, lightsalmon, lightsalmon, lightsalmon, lightsalmon, lightsalmon', 'lightsalmon, lightsalmon, lightsalmon, lightsalmon, lightsalmon, lightsalmon, lightsalmon, lightsalmon, lightsalmon, lightsalmon, lightsalmon', 'lightsalmon, lightsalmon, lightsalmon, lightsalmon, lightsalmon, lightsalmon, lightsalmon, lightsalmon, lightsalmon, lightsalmon, lightsalmon', 'lightsalmon, lightsalmon, lightsalmon, lightsalmon, lightsalmon, lightsalmon, lightsalmon, lightsalmon, lightsalmon, lightsalmon, lightsalmon', 'lightsalmon, lightsalmon, lightsalmon, lightsalmon, lightsalmon, lightsalmon, lightsalmon, lightsalmon, lightsalmon, lightsalmon, lightsalmon', 'lightsalmon, lightsalmon, lightsalmon, lightsalmon, lightsalmon, lightsalmon, lightsalmon, lightsalmon, lightsalmon, lightsalmon, lightsalmon', 'lightsalmon, lightsalmon, lightsalmon, lightsalmon, lightsalmon, lightsalmon, lightsalmon, lightsalmon, lightsalmon, lightsalmon, lightsalmon', 'lightsalmon, lightsalmon, lightsalmon, lightsalmon, lightsalmon, lightsalmon, lightsalmon, lightsalmon, lightsalmon, lightsalmon, lightsalmon', 'lightsalmon, lightsalmon, lightsalmon, lightsalmon, lightsalmon, lightsalmon, lightsalmon, lightsalmon, lightsalmon, lightsalmon, lightsalmon', 'lightsalmon, lightsalmon, lightsalmon, lightsalmon, lightsalmon, lightsalmon, lightsalmon, lightsalmon, lightsalmon, lightsalmon, lightsalmon', 'lightsalmon, lightsalmon, lightsalmon, lightsalmon, lightsalmon, lightsalmon, lightsalmon, lightsalmon, lightsalmon, lightsalmon, lightsalmon', 'lightsalmon, lightsalmon, lightsalmon, lightsalmon, lightsalmon, lightsalmon, lightsalmon, lightsalmon, lightsalmon, lightsalmon, lightsalmon');

-- Tabla: tabla_general_equipos
CREATE TABLE IF NOT EXISTS "tabla_general_equipos" ("id" integer NOT NULL PRIMARY KEY AUTOINCREMENT, "j1" varchar(1000) NOT NULL, "j2" varchar(1000) NOT NULL, "j3" varchar(1000) NOT NULL, "j4" varchar(1000) NOT NULL, "j5" varchar(1000) NOT NULL, "j6" varchar(1000) NOT NULL, "j7" varchar(1000) NOT NULL, "j8" varchar(1000) NOT NULL, "j9" varchar(1000) NOT NULL, "j10" varchar(1000) NOT NULL, "j11" varchar(1000) NOT NULL, "j12" varchar(1000) NOT NULL, "j13" varchar(1000) NOT NULL, "j14" varchar(1000) NOT NULL, "j15" varchar(1000) NOT NULL, "j16" varchar(1000) NOT NULL, "j17" varchar(1000) NOT NULL, "eq" varchar(1000) NOT NULL);
INSERT INTO tabla_general_equipos (id, j1, j2, j3, j4, j5, j6, j7, j8, j9, j10, j11, j12, j13, j14, j15, j16, j17, eq) VALUES (1, 'Querétaro vs Toluca, Mazatlán vs San Luis, Chivas vs Santos, Cruz azul vs Pachuca, Tijuana vs América, Monterrey vs Puebla, Pumas vs Juárez, Necaxa vs Atlas, León vs Tigres, Las Palmas vs Villarreal, Manchester United vs Tottenham', 'Puebla vs Necaxa, San Luis vs Pumas, Juárez vs Cruz azul, Toluca vs Mazatlán, América vs Querétaro, Atlas vs Tijuana, Tigres vs Chivas, Santos vs Monterrey, X, Leipzig vs Leverkusen, Osasuna vs Getafe', 'Puebla vs Toluca, Tijuana vs Chivas, Cruz azul vs Mazatlán, León vs Santos, Monterrey vs San Luis, Necaxa vs América, Pumas vs Pachuca, Atlas vs Juárez, Querétaro vs Tigres, Stuttgart vs Leipzig, Lazio vs Napoli', 'X, X, X, X, X, X, X, X, X, X, X', 'X, X, X, X, X, X, X, X, X, X, X', 'X, X, X, X, X, X, X, X, X, X, X', 'X, X, X, X, X, X, X, X, X, X, X', 'X, X, X, X, X, X, X, X, X, X, X', 'X, X, X, X, X, X, X, X, X, X, X', 'X, X, X, X, X, X, X, X, X, X, X', 'X, X, X, X, X, X, X, X, X, X, X', 'X, X, X, X, X, X, X, X, X, X, X', 'X, X, X, X, X, X, X, X, X, X, X', 'X, X, X, X, X, X, X, X, X, X, X', 'X, X, X, X, X, X, X, X, X, X, X', 'X, X, X, X, X, X, X, X, X, X, X', 'X, X, X, X, X, X, X, X, X, X, X', 'EQUIPOS');

-- Tabla: tabla_general_jornadas
CREATE TABLE IF NOT EXISTS "tabla_general_jornadas" ("id" integer NOT NULL PRIMARY KEY AUTOINCREMENT, "nombre" varchar(25) NOT NULL, "j1" integer NOT NULL, "j2" integer NOT NULL, "j3" integer NOT NULL, "j4" integer NOT NULL, "j5" integer NOT NULL, "j6" integer NOT NULL, "j7" integer NOT NULL, "j8" integer NOT NULL, "j9" integer NOT NULL, "j10" integer NOT NULL, "j11" integer NOT NULL, "j12" integer NOT NULL, "j13" integer NOT NULL, "j14" integer NOT NULL, "j15" integer NOT NULL, "j16" integer NOT NULL, "j17" integer NOT NULL, "suma_j" integer NULL);
INSERT INTO tabla_general_jornadas (id, nombre, j1, j2, j3, j4, j5, j6, j7, j8, j9, j10, j11, j12, j13, j14, j15, j16, j17, suma_j) VALUES (1, 'Leo', 7, 6, 5, 0, 0, 0, 0, 0, 0, 0, 0, 0, 0, 0, 0, 0, 0, 18);
INSERT INTO tabla_general_jornadas (id, nombre, j1, j2, j3, j4, j5, j6, j7, j8, j9, j10, j11, j12, j13, j14, j15, j16, j17, suma_j) VALUES (2, 'Luis Angel', 4, 3, 6, 0, 0, 0, 0, 0, 0, 0, 0, 0, 0, 0, 0, 0, 0, 13);
INSERT INTO tabla_general_jornadas (id, nombre, j1, j2, j3, j4, j5, j6, j7, j8, j9, j10, j11, j12, j13, j14, j15, j16, j17, suma_j) VALUES (3, 'Bryan', 7, 8, 7, 0, 0, 0, 0, 0, 0, 0, 0, 0, 0, 0, 0, 0, 0, 22);
INSERT INTO tabla_general_jornadas (id, nombre, j1, j2, j3, j4, j5, j6, j7, j8, j9, j10, j11, j12, j13, j14, j15, j16, j17, suma_j) VALUES (4, 'Rafa', 6, 5, 3, 0, 0, 0, 0, 0, 0, 0, 0, 0, 0, 0, 0, 0, 0, 14);
INSERT INTO tabla_general_jornadas (id, nombre, j1, j2, j3, j4, j5, j6, j7, j8, j9, j10, j11, j12, j13, j14, j15, j16, j17, suma_j) VALUES (5, 'Erick', 4, 7, 5, 0, 0, 0, 0, 0, 0, 0, 0, 0, 0, 0, 0, 0, 0, 16);
INSERT INTO tabla_general_jornadas (id, nombre, j1, j2, j3, j4, j5, j6, j7, j8, j9, j10, j11, j12, j13, j14, j15, j16, j17, suma_j) VALUES (6, 'Hector', 7, 6, 6, 0, 0, 0, 0, 0, 0, 0, 0, 0, 0, 0, 0, 0, 0, 19);
INSERT INTO tabla_general_jornadas (id, nombre, j1, j2, j3, j4, j5, j6, j7, j8, j9, j10, j11, j12, j13, j14, j15, j16, j17, suma_j) VALUES (8, 'Josue', 7, 6, 7, 0, 0, 0, 0, 0, 0, 0, 0, 0, 0, 0, 0, 0, 0, 20);
INSERT INTO tabla_general_jornadas (id, nombre, j1, j2, j3, j4, j5, j6, j7, j8, j9, j10, j11, j12, j13, j14, j15, j16, j17, suma_j) VALUES (9, 'Juan Luis', 5, 6, 4, 0, 0, 0, 0, 0, 0, 0, 0, 0, 0, 0, 0, 0, 0, 15);
INSERT INTO tabla_general_jornadas (id, nombre, j1, j2, j3, j4, j5, j6, j7, j8, j9, j10, j11, j12, j13, j14, j15, j16, j17, suma_j) VALUES (10, 'Omar', 7, 6, 4, 0, 0, 0, 0, 0, 0, 0, 0, 0, 0, 0, 0, 0, 0, 17);
INSERT INTO tabla_general_jornadas (id, nombre, j1, j2, j3, j4, j5, j6, j7, j8, j9, j10, j11, j12, j13, j14, j15, j16, j17, suma_j) VALUES (11, 'Jorge', 6, 8, 4, 0, 0, 0, 0, 0, 0, 0, 0, 0, 0, 0, 0, 0, 0, 18);
INSERT INTO tabla_general_jornadas (id, nombre, j1, j2, j3, j4, j5, j6, j7, j8, j9, j10, j11, j12, j13, j14, j15, j16, j17, suma_j) VALUES (12, 'Fernando', 3, 6, 1, 0, 0, 0, 0, 0, 0, 0, 0, 0, 0, 0, 0, 0, 0, 10);
INSERT INTO tabla_general_jornadas (id, nombre, j1, j2, j3, j4, j5, j6, j7, j8, j9, j10, j11, j12, j13, j14, j15, j16, j17, suma_j) VALUES (13, 'Miguel', 4, 0, 3, 0, 0, 0, 0, 0, 0, 0, 0, 0, 0, 0, 0, 0, 0, 7);
INSERT INTO tabla_general_jornadas (id, nombre, j1, j2, j3, j4, j5, j6, j7, j8, j9, j10, j11, j12, j13, j14, j15, j16, j17, suma_j) VALUES (14, 'Saem', 4, 3, 5, 0, 0, 0, 0, 0, 0, 0, 0, 0, 0, 0, 0, 0, 0, 12);
INSERT INTO tabla_general_jornadas (id, nombre, j1, j2, j3, j4, j5, j6, j7, j8, j9, j10, j11, j12, j13, j14, j15, j16, j17, suma_j) VALUES (15, 'Alfonso', 7, 5, 3, 0, 0, 0, 0, 0, 0, 0, 0, 0, 0, 0, 0, 0, 0, 15);
INSERT INTO tabla_general_jornadas (id, nombre, j1, j2, j3, j4, j5, j6, j7, j8, j9, j10, j11, j12, j13, j14, j15, j16, j17, suma_j) VALUES (16, 'Horacio', 4, 6, 8, 0, 0, 0, 0, 0, 0, 0, 0, 0, 0, 0, 0, 0, 0, 18);
INSERT INTO tabla_general_jornadas (id, nombre, j1, j2, j3, j4, j5, j6, j7, j8, j9, j10, j11, j12, j13, j14, j15, j16, j17, suma_j) VALUES (17, 'Manuel', 8, 6, 4, 0, 0, 0, 0, 0, 0, 0, 0, 0, 0, 0, 0, 0, 0, 18);

-- Tabla: tabla_general_puntos_extra
CREATE TABLE IF NOT EXISTS "tabla_general_puntos_extra" ("id" integer NOT NULL PRIMARY KEY AUTOINCREMENT, "nombre" varchar(25) NOT NULL, "j1" integer NOT NULL, "j2" integer NOT NULL, "j3" integer NOT NULL, "j4" integer NOT NULL, "j5" integer NOT NULL, "j6" integer NOT NULL, "j7" integer NOT NULL, "j8" integer NOT NULL, "j9" integer NOT NULL, "j10" integer NOT NULL, "j11" integer NOT NULL, "j12" integer NOT NULL, "j13" integer NOT NULL, "j14" integer NOT NULL, "j15" integer NOT NULL, "j16" integer NOT NULL, "j17" integer NOT NULL);
INSERT INTO tabla_general_puntos_extra (id, nombre, j1, j2, j3, j4, j5, j6, j7, j8, j9, j10, j11, j12, j13, j14, j15, j16, j17) VALUES (1, 'Bryan', 0, 0, 0, 0, 0, 0, 0, 0, 0, 0, 0, 0, 0, 0, 0, 0, 0);
INSERT INTO tabla_general_puntos_extra (id, nombre, j1, j2, j3, j4, j5, j6, j7, j8, j9, j10, j11, j12, j13, j14, j15, j16, j17) VALUES (2, 'Josue', 0, 0, 2, 0, 0, 0, 0, 0, 0, 0, 0, 0, 0, 0, 0, 0, 0);
INSERT INTO tabla_general_puntos_extra (id, nombre, j1, j2, j3, j4, j5, j6, j7, j8, j9, j10, j11, j12, j13, j14, j15, j16, j17) VALUES (3, 'Rafa', 0, 1, 0, 0, 0, 0, 0, 0, 0, 0, 0, 0, 0, 0, 0, 0, 0);
INSERT INTO tabla_general_puntos_extra (id, nombre, j1, j2, j3, j4, j5, j6, j7, j8, j9, j10, j11, j12, j13, j14, j15, j16, j17) VALUES (4, 'Leo', 2, 0, 0, 0, 0, 0, 0, 0, 0, 0, 0, 0, 0, 0, 0, 0, 0);
INSERT INTO tabla_general_puntos_extra (id, nombre, j1, j2, j3, j4, j5, j6, j7, j8, j9, j10, j11, j12, j13, j14, j15, j16, j17) VALUES (5, 'Jorge', 0, 0, 0, 0, 0, 0, 0, 0, 0, 0, 0, 0, 0, 0, 0, 0, 0);
INSERT INTO tabla_general_puntos_extra (id, nombre, j1, j2, j3, j4, j5, j6, j7, j8, j9, j10, j11, j12, j13, j14, j15, j16, j17) VALUES (6, 'Horacio', 0, 0, 0, 0, 0, 0, 0, 0, 0, 0, 0, 0, 0, 0, 0, 0, 0);
INSERT INTO tabla_general_puntos_extra (id, nombre, j1, j2, j3, j4, j5, j6, j7, j8, j9, j10, j11, j12, j13, j14, j15, j16, j17) VALUES (7, 'Omar', 0, 2, 0, 0, 0, 0, 0, 0, 0, 0, 0, 0, 0, 0, 0, 0, 0);
INSERT INTO tabla_general_puntos_extra (id, nombre, j1, j2, j3, j4, j5, j6, j7, j8, j9, j10, j11, j12, j13, j14, j15, j16, j17) VALUES (8, 'Hector', 0, 2, 0, 0, 0, 0, 0, 0, 0, 0, 0, 0, 0, 0, 0, 0, 0);
INSERT INTO tabla_general_puntos_extra (id, nombre, j1, j2, j3, j4, j5, j6, j7, j8, j9, j10, j11, j12, j13, j14, j15, j16, j17) VALUES (9, 'Saem', 0, 0, 0, 0, 0, 0, 0, 0, 0, 0, 0, 0, 0, 0, 0, 0, 0);
INSERT INTO tabla_general_puntos_extra (id, nombre, j1, j2, j3, j4, j5, j6, j7, j8, j9, j10, j11, j12, j13, j14, j15, j16, j17) VALUES (10, 'Fernando', 1, 0, 0, 0, 0, 0, 0, 0, 0, 0, 0, 0, 0, 0, 0, 0, 0);
INSERT INTO tabla_general_puntos_extra (id, nombre, j1, j2, j3, j4, j5, j6, j7, j8, j9, j10, j11, j12, j13, j14, j15, j16, j17) VALUES (11, 'Miguel', 0, 0, 0, 0, 0, 0, 0, 0, 0, 0, 0, 0, 0, 0, 0, 0, 0);
INSERT INTO tabla_general_puntos_extra (id, nombre, j1, j2, j3, j4, j5, j6, j7, j8, j9, j10, j11, j12, j13, j14, j15, j16, j17) VALUES (12, 'Erick', 0, 0, 0, 0, 0, 0, 0, 0, 0, 0, 0, 0, 0, 0, 0, 0, 0);
INSERT INTO tabla_general_puntos_extra (id, nombre, j1, j2, j3, j4, j5, j6, j7, j8, j9, j10, j11, j12, j13, j14, j15, j16, j17) VALUES (13, 'Manuel', 2, 0, 0, 0, 0, 0, 0, 0, 0, 0, 0, 0, 0, 0, 0, 0, 0);
INSERT INTO tabla_general_puntos_extra (id, nombre, j1, j2, j3, j4, j5, j6, j7, j8, j9, j10, j11, j12, j13, j14, j15, j16, j17) VALUES (14, 'Luis Angel', 0, 0, 0, 0, 0, 0, 0, 0, 0, 0, 0, 0, 0, 0, 0, 0, 0);
INSERT INTO tabla_general_puntos_extra (id, nombre, j1, j2, j3, j4, j5, j6, j7, j8, j9, j10, j11, j12, j13, j14, j15, j16, j17) VALUES (15, 'Jorge', 0, 0, 0, 0, 0, 0, 0, 0, 0, 0, 0, 0, 0, 0, 0, 0, 0);
INSERT INTO tabla_general_puntos_extra (id, nombre, j1, j2, j3, j4, j5, j6, j7, j8, j9, j10, j11, j12, j13, j14, j15, j16, j17) VALUES (17, 'Alfonso', 0, 0, 0, 0, 0, 0, 0, 0, 0, 0, 0, 0, 0, 0, 0, 0, 0);

-- Índice: auth_group_permissions_group_id_b120cbf9
CREATE INDEX IF NOT EXISTS "auth_group_permissions_group_id_b120cbf9" ON "auth_group_permissions" ("group_id");

-- Índice: auth_group_permissions_group_id_permission_id_0cd325b0_uniq
CREATE UNIQUE INDEX IF NOT EXISTS "auth_group_permissions_group_id_permission_id_0cd325b0_uniq" ON "auth_group_permissions" ("group_id", "permission_id");

-- Índice: auth_group_permissions_permission_id_84c5c92e
CREATE INDEX IF NOT EXISTS "auth_group_permissions_permission_id_84c5c92e" ON "auth_group_permissions" ("permission_id");

-- Índice: auth_permission_content_type_id_2f476e4b
CREATE INDEX IF NOT EXISTS "auth_permission_content_type_id_2f476e4b" ON "auth_permission" ("content_type_id");

-- Índice: auth_permission_content_type_id_codename_01ab375a_uniq
CREATE UNIQUE INDEX IF NOT EXISTS "auth_permission_content_type_id_codename_01ab375a_uniq" ON "auth_permission" ("content_type_id", "codename");

-- Índice: auth_user_groups_group_id_97559544
CREATE INDEX IF NOT EXISTS "auth_user_groups_group_id_97559544" ON "auth_user_groups" ("group_id");

-- Índice: auth_user_groups_user_id_6a12ed8b
CREATE INDEX IF NOT EXISTS "auth_user_groups_user_id_6a12ed8b" ON "auth_user_groups" ("user_id");

-- Índice: auth_user_groups_user_id_group_id_94350c0c_uniq
CREATE UNIQUE INDEX IF NOT EXISTS "auth_user_groups_user_id_group_id_94350c0c_uniq" ON "auth_user_groups" ("user_id", "group_id");

-- Índice: auth_user_user_permissions_permission_id_1fbb5f2c
CREATE INDEX IF NOT EXISTS "auth_user_user_permissions_permission_id_1fbb5f2c" ON "auth_user_user_permissions" ("permission_id");

-- Índice: auth_user_user_permissions_user_id_a95ead1b
CREATE INDEX IF NOT EXISTS "auth_user_user_permissions_user_id_a95ead1b" ON "auth_user_user_permissions" ("user_id");

-- Índice: auth_user_user_permissions_user_id_permission_id_14a6b632_uniq
CREATE UNIQUE INDEX IF NOT EXISTS "auth_user_user_permissions_user_id_permission_id_14a6b632_uniq" ON "auth_user_user_permissions" ("user_id", "permission_id");

-- Índice: django_admin_log_content_type_id_c4bce8eb
CREATE INDEX IF NOT EXISTS "django_admin_log_content_type_id_c4bce8eb" ON "django_admin_log" ("content_type_id");

-- Índice: django_admin_log_user_id_c564eba6
CREATE INDEX IF NOT EXISTS "django_admin_log_user_id_c564eba6" ON "django_admin_log" ("user_id");

-- Índice: django_content_type_app_label_model_76bd3d3b_uniq
CREATE UNIQUE INDEX IF NOT EXISTS "django_content_type_app_label_model_76bd3d3b_uniq" ON "django_content_type" ("app_label", "model");

-- Índice: django_session_expire_date_a5c62663
CREATE INDEX IF NOT EXISTS "django_session_expire_date_a5c62663" ON "django_session" ("expire_date");

COMMIT TRANSACTION;
PRAGMA foreign_keys = on;
